date,aapl,bbby,goog,adbe,car,amc,cvx,csco,bac,tsla
2021-12-23,176.28,15.98,2942.85,569.62,223.93,28.52,116.41,62.28,44.42,1067.0
2021-12-22,175.64,15.63,2938.98,563.98,216.9,28.68,116.13,61.53,44.28,1008.87
2021-12-21,172.99,15.77,2884.41,557.52,225.37,30.3,115.47,61.03,44.19,938.53
2021-12-20,169.75,15.12,2848.03,549.77,212.84,29.7,113.65,60.36,43.16,899.94
2021-12-17,171.14,15.98,2856.06,556.64,216.54,29.12,113.6,60.46,43.88,932.57
2021-12-16,172.26,15.53,2896.77,566.09,216.26,24.45,116.64,60.31,45.0,926.92
2021-12-15,179.3,16.3,2947.37,630.33,226.56,24.66,115.56,59.93,43.94,975.99
2021-12-14,174.33,16.4,2899.41,614.86,226.06,24.5,116.22,57.77,44.13,958.51
2021-12-13,175.74,16.56,2934.09,658.3,234.71,23.24,115.88,58.61,43.58,966.41
2021-12-10,179.45,17.71,2973.5,654.45,243.98,27.44,118.34,59.25,44.52,1017.03
2021-12-09,174.56,19.13,2962.12,632.57,246.21,29.46,118.14,57.55,44.49,1003.8
2021-12-08,175.08,19.22,2974.41,653.1,248.15,32.35,118.45,57.02,44.16,1068.96
2021-12-07,171.18,19.14,2960.73,649.96,252.86,31.04,117.92,58.08,44.71,1051.75
2021-12-06,165.32,18.58,2875.93,622.04,265.3,28.79,116.2,56.96,44.15,1009.01
2021-12-03,161.84,17.86,2850.41,616.53,261.22,29.01,114.41,56.23,43.87,1014.97
2021-12-02,163.76,18.15,2875.53,671.88,268.12,30.28,115.14,56.15,44.89,1084.6
2021-12-01,164.77,17.11,2832.36,657.41,253.27,28.57,112.1,55.03,43.84,1095.0
2021-11-30,165.3,18.33,2849.04,669.85,274.59,33.94,112.87,54.84,44.47,1144.76
2021-11-29,160.24,20.19,2922.28,687.49,305.16,36.84,114.85,55.76,45.59,1136.99
2021-11-26,156.81,20.9,2856.12,662.1,288.96,37.63,114.51,54.67,45.76,1081.92
2021-11-24,161.94,22.29,2934.35,668.32,312.65,38.89,117.19,55.54,47.63,1116.0
2021-11-23,161.41,22.27,2935.14,665.16,307.71,39.16,116.3,55.3,47.5,1109.03
2021-11-22,161.02,24.01,2941.57,673.57,301.6,41.24,113.91,54.6,46.28,1156.87
2021-11-19,160.55,23.25,2999.05,688.37,286.3,40.87,111.91,53.25,45.4,1137.06
2021-11-18,157.87,22.9,3014.18,670.96,277.95,40.41,114.45,53.63,46.32,1096.38
2021-11-17,153.49,22.87,2981.24,670.67,274.9,42.13,115.42,56.76,46.51,1089.01
2021-11-16,151.0,22.56,2981.52,671.03,281.5,42.6,117.28,57.0,47.08,1054.73
2021-11-15,150.0,21.58,2987.76,659.73,273.91,42.68,116.82,57.27,47.05,1013.39
2021-11-12,149.99,22.54,2992.91,657.6,267.03,40.0,114.23,56.82,46.91,1033.42
2021-11-11,147.87,23.08,2934.96,643.17,270.2,39.46,114.16,56.76,47.49,1063.51
2021-11-10,147.92,21.79,2932.52,647.5,253.88,38.29,114.15,57.77,47.23,1067.95
2021-11-09,150.81,21.59,2984.97,667.92,249.68,39.93,116.0,57.44,46.88,1023.5
2021-11-08,150.44,21.67,2987.03,666.02,293.1,45.06,115.15,57.0,47.34,1162.94
2021-11-05,151.28,22.57,2984.82,662.72,297.46,41.7,114.74,57.07,46.97,1222.09
2021-11-04,150.96,20.17,2973.66,674.08,272.14,40.05,113.51,57.12,47.33,1229.91
2021-11-03,151.49,19.3,2935.8,655.18,298.09,40.79,113.01,57.65,48.37,1213.86
2021-11-02,150.02,16.75,2917.26,640.4,357.17,38.79,113.83,57.62,47.88,1172.0
2021-11-01,148.96,15.28,2875.48,640.2,171.46,37.07,114.53,56.1,47.85,1208.59
2021-10-29,149.8,14.04,2965.41,650.36,173.31,35.37,114.49,55.97,47.78,1114.0
2021-10-28,152.57,14.39,2922.58,639.28,171.76,35.23,113.12,56.24,47.78,1077.04
2021-10-27,148.85,13.67,2928.55,640.08,165.99,34.76,112.07,56.18,47.04,1037.86
2021-10-26,149.32,14.13,2793.44,642.5,169.96,36.05,114.1,55.81,47.96,1018.43
2021-10-25,148.64,14.46,2775.46,646.97,176.65,36.83,113.85,55.14,47.51,1024.86
2021-10-22,148.69,14.31,2772.5,643.58,167.97,36.6,112.8,55.11,47.57,909.68
2021-10-21,149.48,14.29,2855.61,638.66,167.51,39.24,111.74,55.69,46.83,894.0
2021-10-20,149.26,14.28,2848.3,632.37,160.3,40.88,113.16,56.2,47.09,865.8
2021-10-19,148.76,14.5,2876.44,636.07,158.9,40.8,111.7,55.74,46.48,864.27
2021-10-18,146.55,14.72,2859.21,622.83,158.32,43.03,109.56,55.19,46.28,870.11
2021-10-15,144.84,13.99,2833.5,610.09,150.97,40.74,109.61,55.25,46.37,843.03
2021-10-14,143.76,14.42,2828.24,607.51,147.19,40.07,108.81,55.65,45.07,818.32
2021-10-13,140.91,14.44,2758.0,591.12,149.86,37.91,107.79,54.62,43.14,811.08
2021-10-12,141.51,14.45,2734.26,580.69,153.39,36.82,107.15,54.28,43.54,805.72
2021-10-11,142.81,14.59,2776.95,573.07,142.43,37.25,107.13,54.93,43.78,791.94
2021-10-08,142.9,14.85,2801.12,576.86,138.2,37.19,108.05,55.08,44.34,785.49
2021-10-07,143.29,15.5,2783.71,578.96,126.45,38.14,105.68,55.02,44.12,793.61
2021-10-06,142.0,14.42,2747.08,570.31,128.58,36.83,104.93,53.94,44.24,782.75
2021-10-05,141.11,15.03,2723.54,566.7,128.78,37.06,105.86,54.69,44.22,780.59
2021-10-04,139.14,15.7,2675.3,558.49,120.94,36.77,104.72,54.23,43.34,781.53
2021-10-01,142.65,16.58,2729.25,577.47,121.89,38.46,104.33,55.14,43.08,775.22
2021-09-30,141.5,17.275,2665.31,575.72,116.51,38.06,101.45,54.43,42.45,775.48
2021-09-29,142.83,22.2,2690.42,577.7,117.99,35.54,103.33,55.48,43.07,781.31
2021-09-28,141.91,22.87,2723.68,578.77,120.21,36.99,103.36,55.52,43.16,777.56
2021-09-27,145.37,23.77,2830.02,603.65,120.16,39.3,102.97,56.22,43.26,791.36
2021-09-24,146.92,22.95,2852.66,622.71,111.61,40.01,100.6,56.73,42.14,774.39
2021-09-23,146.83,23.46,2836.53,630.84,108.13,39.98,100.06,56.69,41.69,753.64
2021-09-22,145.85,23.47,2818.77,626.08,100.0,40.08,97.64,55.52,40.14,751.94
2021-09-21,143.43,23.12,2792.93,645.89,94.11,38.82,94.85,55.26,39.13,739.38
2021-09-20,142.94,23.62,2780.34,641.29,94.93,40.29,94.78,55.89,39.11,730.17
2021-09-17,146.06,24.14,2829.27,654.48,95.32,44.2,96.76,56.85,40.5,759.49
2021-09-16,148.79,23.46,2887.47,665.11,98.79,46.04,97.32,57.33,40.45,756.99
2021-09-15,149.03,24.01,2904.12,661.08,90.0,46.84,98.24,57.56,40.14,755.83
2021-09-14,148.12,23.83,2868.12,645.01,90.0,47.3,96.2,57.87,39.84,744.49
2021-09-13,149.55,24.21,2869.3,645.15,90.3,51.69,97.97,58.1,40.94,743.0
2021-09-10,148.97,24.44,2838.42,658.94,86.63,50.16,96.07,57.89,40.27,736.27
2021-09-09,154.07,25.33,2898.27,661.68,91.33,48.52,96.0,58.6,40.93,754.86
2021-09-08,155.11,24.27,2897.67,663.22,90.29,47.4,96.39,58.68,40.78,753.87
2021-09-07,156.69,25.19,2910.38,661.39,94.17,47.83,97.06,58.88,41.32,752.92
2021-09-03,154.3,27.02,2895.5,666.59,92.34,44.02,97.49,59.42,41.05,733.57
2021-09-02,153.65,27.7,2884.38,664.64,94.99,44.38,97.71,59.53,41.02,732.39
2021-09-01,152.51,27.74,2916.84,665.89,93.17,43.69,95.71,59.04,41.19,734.09
2021-08-31,151.83,27.54,2909.24,663.7,90.75,47.13,96.77,59.02,41.75,735.72
2021-08-30,153.12,28.44,2909.39,665.99,89.77,43.33,98.39,59.13,41.66,730.91
2021-08-27,148.6,28.33,2891.01,658.52,91.0,40.84,98.64,59.02,42.49,711.92
2021-08-26,147.54,28.01,2842.46,652.39,88.75,40.31,97.22,59.2,42.04,701.16
2021-08-25,148.36,28.75,2859.0,656.8,91.25,43.96,98.51,59.35,42.15,711.2
2021-08-24,149.62,28.61,2847.97,657.24,91.12,44.26,97.84,59.32,41.48,708.49
2021-08-23,149.71,27.38,2821.99,656.86,90.88,36.78,96.73,58.54,40.91,706.3
2021-08-20,148.19,26.58,2768.74,647.34,89.8,34.41,94.3,58.22,40.37,680.26
2021-08-19,146.7,25.89,2738.27,637.66,90.95,33.82,94.29,57.27,40.19,673.47
2021-08-18,146.36,26.02,2731.4,626.77,93.56,36.55,96.7,55.15,40.79,688.99
2021-08-17,150.19,26.54,2746.01,635.01,91.27,37.16,100.73,56.01,41.09,665.71
2021-08-16,151.12,27.52,2778.32,636.94,92.55,35.69,100.92,56.28,41.29,686.17
2021-08-13,149.1,27.85,2768.12,637.31,92.01,33.47,101.96,56.47,41.63,717.17
2021-08-12,148.89,28.98,2767.79,634.35,89.17,33.07,102.64,56.39,42.15,722.25
2021-08-11,145.86,29.54,2753.79,626.03,86.21,31.55,102.85,55.86,41.95,707.82
2021-08-10,145.6,29.56,2761.93,621.74,85.81,31.75,102.08,55.61,41.43,709.99
2021-08-09,146.09,27.99,2760.04,629.22,79.63,33.8,100.25,55.47,40.67,713.76
2021-08-06,146.14,27.24,2740.72,631.38,83.58,32.7,101.95,55.59,40.15,699.1
2021-08-05,147.06,27.62,2738.8,632.08,82.44,33.51,101.23,55.76,39.02,714.63
2021-08-04,146.95,27.13,2720.57,625.68,74.95,29.84,100.3,55.69,38.27,710.92
2021-08-03,147.36,28.46,2725.6,621.28,89.82,33.59,102.6,56.25,38.55,709.74
2021-08-02,145.52,28.33,2719.79,618.75,85.94,35.2,101.63,55.45,37.96,709.67
2021-07-30,145.86,28.54,2704.42,621.63,82.77,37.02,101.81,55.37,38.36,687.2
2021-07-29,145.64,28.74,2730.81,621.7,85.32,38.13,102.57,55.07,38.68,677.35
2021-07-28,144.98,29.13,2727.63,620.92,81.56,38.9,101.18,54.77,38.13,646.98
2021-07-27,146.77,29.08,2735.93,618.28,80.16,38.01,100.61,55.28,37.98,644.78
2021-07-26,148.99,29.83,2792.89,620.8,81.14,40.29,100.95,55.47,38.13,657.62
2021-07-23,148.56,28.72,2756.32,625.87,79.46,36.99,98.86,55.23,37.7,643.38
2021-07-22,146.8,29.41,2666.57,623.68,77.73,37.24,98.82,54.54,37.96,649.26
2021-07-21,145.4,29.89,2652.01,612.26,77.17,40.78,99.82,53.88,38.46,655.29
2021-07-20,146.15,29.05,2622.03,608.72,73.57,43.09,96.53,53.58,37.69,660.5
2021-07-19,142.45,27.14,2585.08,602.05,68.74,34.62,95.96,53.06,36.93,646.22
2021-07-16,146.39,27.16,2636.91,606.1,71.29,34.96,98.62,53.7,37.92,644.22
2021-07-15,148.48,27.68,2625.33,606.17,73.59,36.0,101.3,53.65,38.83,650.6
2021-07-14,149.15,27.89,2641.65,608.83,71.73,33.43,101.97,54.09,38.86,653.38
2021-07-13,145.64,29.35,2619.89,605.01,72.13,39.35,103.93,53.32,39.86,668.54
2021-07-12,144.5,30.1,2611.28,600.2,73.94,42.61,104.28,53.23,40.63,685.7
2021-07-09,145.11,29.6,2591.49,604.5,74.31,46.19,104.07,53.74,40.04,656.95
2021-07-08,143.24,28.45,2583.54,605.95,70.54,47.94,102.6,53.26,38.78,652.81
2021-07-07,144.57,28.85,2601.55,605.77,75.03,45.07,102.93,53.26,39.75,644.65
2021-07-06,142.02,30.28,2595.42,596.9,77.63,49.96,103.99,52.98,40.07,659.58
2021-07-02,139.96,31.3,2574.38,593.07,78.94,51.96,106.07,53.54,41.15,678.9
2021-07-01,137.27,32.64,2527.37,584.73,81.88,54.22,106.21,53.44,41.54,677.92
2021-06-30,136.96,33.29,2506.32,585.64,77.89,56.68,104.74,53.0,41.23,679.7
2021-06-29,136.33,29.91,2520.37,590.75,79.12,56.43,103.76,52.91,40.89,680.76
2021-06-28,134.78,30.66,2536.39,588.8,78.21,58.11,103.99,52.96,41.56,688.72
2021-06-25,133.11,28.93,2539.9,579.66,80.75,54.06,107.3,53.06,41.62,671.87
2021-06-24,133.41,30.25,2545.64,578.26,81.6,56.7,107.14,52.78,40.83,679.82
2021-06-23,133.7,29.31,2529.23,574.23,83.29,58.3,106.27,52.76,40.2,656.57
2021-06-22,133.98,28.66,2539.99,575.74,80.09,58.27,106.4,53.26,39.97,623.71
2021-06-21,132.3,27.68,2529.1,567.35,83.25,55.69,106.05,53.18,39.75,620.83
2021-06-18,130.46,27.38,2511.35,565.59,80.86,59.26,103.03,52.07,38.78,623.31
2021-06-17,131.79,29.35,2527.42,551.36,82.49,60.73,107.07,53.13,39.8,616.6
2021-06-16,130.15,29.1,2513.93,543.33,87.83,55.18,109.67,53.47,41.62,604.87
2021-06-15,129.64,29.46,2520.66,548.46,90.75,59.04,110.3,53.79,41.39,599.36
2021-06-14,130.48,30.16,2527.04,556.95,91.6,57.0,107.97,54.17,41.36,617.69
2021-06-11,127.35,31.91,2513.93,541.26,94.24,49.4,107.91,54.77,41.86,609.89
2021-06-10,126.11,31.53,2521.6,535.52,86.96,42.81,108.41,55.03,41.69,610.12
2021-06-09,127.13,34.29,2491.4,514.68,88.52,49.34,107.78,54.02,42.32,598.78
2021-06-08,126.74,36.83,2482.85,509.2,91.86,55.05,108.73,54.13,42.88,603.59
2021-06-07,125.9,33.98,2466.09,509.47,89.23,55.0,107.75,53.92,43.12,605.13
2021-06-04,125.89,31.71,2451.76,504.5,85.49,47.91,108.45,54.07,43.27,599.05
2021-06-03,123.54,31.9,2404.61,493.14,86.71,51.34,107.59,53.33,43.25,572.84
2021-06-02,125.06,44.19,2421.28,495.77,86.63,62.55,108.08,52.96,42.94,605.12
2021-06-01,124.28,27.26,2429.81,495.91,89.51,32.04,106.65,52.62,42.92,623.9
2021-05-28,124.61,27.99,2411.56,504.58,87.82,26.12,103.79,52.9,42.39,625.22
2021-05-27,125.28,27.01,2402.51,498.28,85.26,26.52,103.01,52.92,42.55,630.85
2021-05-26,126.85,26.5,2433.53,506.98,83.98,19.56,104.12,52.91,42.04,619.13
2021-05-25,126.9,23.74,2409.07,505.08,82.49,16.41,103.87,53.31,42.01,604.69
2021-05-24,127.1,23.75,2406.67,497.83,84.52,13.68,105.6,53.39,42.63,606.44
2021-05-21,125.43,24.15,2345.1,488.07,83.11,12.08,104.12,52.43,42.4,580.88
2021-05-20,127.31,23.69,2356.09,491.67,82.86,12.55,103.56,52.85,41.87,586.78
2021-05-19,124.69,24.65,2308.71,480.47,82.17,12.64,103.2,52.47,41.97,563.46
2021-05-18,124.85,24.84,2303.43,480.62,85.45,14.03,106.18,52.93,42.16,577.87
2021-05-17,126.27,25.2,2321.41,482.74,88.055,13.95,110.81,52.94,42.74,576.83
2021-05-14,127.45,25.12,2316.16,486.56,86.83,12.98,109.47,52.9,42.36,589.74
2021-05-13,124.97,23.32,2261.97,474.16,78.9,12.77,106.68,52.49,41.84,571.69
2021-05-12,122.77,23.66,2239.08,472.09,75.62,10.32,107.37,51.6,41.18,589.89
2021-05-11,125.91,25.01,2308.76,485.19,81.9,10.05,106.7,52.83,41.57,617.2
2021-05-10,126.85,25.16,2341.66,479.38,82.32,9.74,109.57,53.16,42.05,629.04
2021-05-07,130.21,25.4,2398.69,488.73,82.23,9.51,110.02,53.43,42.18,672.37
2021-05-06,129.74,24.91,2381.35,483.61,83.91,9.0,109.02,52.44,42.01,663.54
2021-05-05,128.1,24.39,2356.74,486.69,83.96,9.17,108.96,51.13,41.39,670.94
2021-05-04,127.85,25.05,2354.25,490.7,83.35,9.39,106.11,50.71,41.0,673.6
2021-05-03,132.54,25.17,2395.17,503.46,89.01,9.71,105.53,51.17,40.56,684.9
2021-04-30,131.46,25.32,2410.12,508.34,89.61,10.03,103.07,50.91,40.53,709.44
2021-04-29,133.48,26.01,2429.89,516.09,88.04,10.2,106.9,51.46,41.11,677.0
2021-04-28,133.58,26.21,2379.91,515.48,88.55,10.85,105.22,51.11,40.03,694.4
2021-04-27,134.39,26.4,2307.12,517.32,88.21,11.46,102.7,51.37,39.88,704.74
2021-04-26,134.72,25.85,2326.74,515.7,85.45,11.5,101.52,51.64,39.41,738.2
2021-04-23,134.32,26.52,2315.3,515.84,83.25,10.16,101.55,51.91,39.18,729.4
2021-04-22,131.94,26.42,2267.92,507.29,79.33,9.99,100.95,51.5,38.36,719.69
2021-04-21,133.5,26.42,2293.29,512.34,79.01,9.78,102.73,51.93,38.72,744.12
2021-04-20,133.11,25.21,2293.63,514.21,74.71,9.28,101.33,51.79,38.08,718.99
2021-04-19,134.84,25.09,2302.4,516.17,78.15,9.66,103.26,52.85,39.17,714.63
2021-04-16,134.16,25.52,2297.76,525.08,79.15,9.33,102.96,52.8,39.15,739.78
2021-04-15,134.5,24.54,2296.66,523.25,78.18,9.9,103.42,51.64,38.74,738.85
2021-04-14,132.03,24.52,2254.84,510.63,77.24,9.35,104.27,51.37,39.88,732.23
2021-04-13,134.43,27.93,2267.27,514.86,75.8,8.84,102.24,51.66,39.32,762.32
2021-04-12,131.24,29.5,2254.79,506.03,76.55,8.62,101.78,51.57,40.06,701.98
2021-04-09,132.995,30.03,2285.88,504.04,77.04,9.42,102.92,52.09,39.99,677.02
2021-04-08,130.36,29.63,2265.44,499.84,74.35,9.79,103.02,51.91,39.7,683.8
2021-04-07,127.9,28.31,2249.68,493.41,75.35,9.85,104.19,51.77,40.05,670.97
2021-04-06,126.21,28.54,2224.75,491.34,74.86,10.2,103.58,52.025,39.69,691.62
2021-04-05,125.9,28.65,2225.55,491.62,75.0,10.61,104.51,52.41,39.8,691.05
2021-04-01,123.0,28.92,2137.75,483.34,74.21,9.36,105.75,51.98,39.49,661.75
2021-03-31,122.15,29.15,2068.63,475.37,72.54,10.21,104.79,51.71,38.69,667.93
2021-03-30,119.9,29.52,2055.54,465.46,75.0,10.35,105.93,51.77,38.99,635.62
2021-03-29,121.39,28.4,2055.95,469.32,68.46,10.35,106.92,52.52,38.31,611.29
2021-03-26,121.21,29.26,2035.55,469.09,69.0,10.24,107.48,52.57,38.68,618.71
2021-03-25,120.59,28.81,2044.36,450.99,65.89,10.94,105.07,50.51,37.66,640.39
2021-03-24,120.09,27.59,2045.06,451.51,65.6,9.02,104.7,49.65,36.9,630.27
2021-03-23,122.54,30.02,2052.96,460.2,65.82,10.66,101.97,50.01,36.9,662.16
2021-03-22,123.39,31.74,2038.59,452.41,67.63,12.49,102.54,50.3,37.66,670.0
2021-03-19,119.99,31.58,2043.2,441.5,67.43,13.93,103.38,48.98,38.53,654.87
2021-03-18,120.53,30.59,2036.22,439.18,67.35,14.0,104.12,48.8,38.94,653.16
2021-03-17,124.76,30.97,2091.08,451.01,69.28,13.56,108.03,49.42,37.95,701.81
2021-03-16,125.57,31.11,2092.52,450.54,66.48,13.02,107.64,49.67,37.64,676.88
2021-03-15,123.99,32.6,2066.49,447.59,72.04,14.04,110.25,49.41,37.75,707.94
2021-03-12,121.03,30.16,2061.92,444.3,68.85,11.16,111.56,48.82,37.94,693.73
2021-03-11,121.96,28.71,2114.77,451.06,67.06,10.28,111.19,48.8,37.24,699.6
2021-03-10,119.98,28.21,2055.03,437.01,65.28,9.85,111.37,48.29,37.37,668.06
2021-03-09,121.085,29.79,2052.7,439.18,62.27,10.5,109.5,47.89,36.32,673.58
2021-03-08,116.36,30.97,2024.17,421.2,64.87,9.29,109.75,47.51,37.13,563.0
2021-03-05,121.42,28.09,2108.54,440.83,62.33,8.05,109.0,46.25,36.93,597.95
2021-03-04,120.13,28.66,2049.09,439.06,60.06,8.03,104.5,44.56,36.5,621.44
2021-03-03,122.06,29.03,2026.71,448.45,60.85,8.58,103.59,45.13,36.42,653.2
2021-03-02,125.12,27.73,2075.84,466.59,59.335,8.93,102.44,45.515,35.53,686.44
2021-03-01,127.79,27.86,2081.51,469.57,58.25,9.18,102.05,45.92,35.79,718.43
2021-02-26,121.26,26.86,2036.86,459.67,55.55,8.01,100.0,44.87,34.71,675.5
2021-02-25,120.99,26.29,2031.36,459.16,53.82,8.29,102.35,45.52,35.93,682.22
2021-02-24,125.35,27.38,2095.17,476.62,55.9,9.09,103.31,45.74,36.38,742.02
2021-02-23,125.86,25.99,2070.86,467.8,54.5,7.7,99.63,45.51,35.52,698.84
2021-02-22,126.0,26.27,2064.88,467.33,50.5,6.55,98.39,45.43,35.15,714.5
2021-02-19,129.87,26.47,2101.14,479.12,48.75,5.7,95.8,45.68,34.54,781.3
2021-02-18,129.71,26.29,2117.2,488.37,44.05,5.51,95.0,46.34,34.19,787.38
2021-02-17,130.84,26.38,2128.31,491.23,42.82,5.55,95.92,46.25,34.41,798.15
2021-02-16,133.19,27.78,2121.9,501.64,45.7,5.65,93.13,46.51,34.27,796.22
2021-02-12,135.37,28.15,2104.11,498.84,44.71,5.59,92.55,47.29,33.37,816.12
2021-02-11,135.13,27.59,2095.89,496.62,42.75,5.61,92.02,47.58,32.88,811.66
2021-02-10,135.39,29.02,2095.38,492.67,43.27,5.8,92.52,47.24,32.98,804.82
2021-02-09,136.01,27.12,2083.51,496.05,43.81,5.5,90.96,48.5,32.95,849.46
2021-02-08,136.91,26.27,2092.91,493.76,43.24,6.18,91.48,48.94,33.09,863.42
2021-02-05,136.76,26.54,2098.0,492.12,43.37,6.83,89.26,48.08,32.37,852.23
2021-02-04,137.39,27.01,2062.37,489.38,43.78,7.09,89.0,47.25,32.5,849.99
2021-02-03,133.94,28.02,2070.07,481.92,41.24,8.97,88.96,45.77,31.58,854.69
2021-02-02,134.99,25.38,1927.51,484.93,40.59,7.82,87.06,45.83,31.03,872.79
2021-02-01,134.14,30.26,1901.35,470.0,42.47,13.3,86.41,45.4,29.96,839.81
2021-01-29,131.96,35.33,1835.74,458.77,41.34,13.26,85.2,44.58,29.65,793.53
2021-01-28,137.09,33.64,1863.11,465.67,41.29,8.63,89.02,45.34,30.32,835.43
2021-01-27,142.06,52.89,1830.79,460.0,43.35,19.9,88.2,45.7,29.83,864.16
2021-01-26,143.16,36.87,1917.24,476.28,44.23,4.96,89.36,45.26,30.94,883.09
2021-01-25,142.92,30.68,1899.4,473.44,41.02,4.42,90.9,45.03,31.16,880.8
2021-01-22,139.07,30.21,1901.05,472.44,41.05,3.51,91.73,44.77,31.55,846.64
2021-01-21,136.87,26.87,1891.25,472.02,41.8,2.98,92.01,45.11,31.77,844.99
2021-01-20,132.03,24.97,1886.9,469.73,41.22,2.97,95.38,45.34,32.34,850.45
2021-01-19,127.83,25.03,1790.86,456.5,37.64,3.06,94.51,45.19,32.77,844.55
2021-01-15,127.14,25.595,1736.19,458.08,38.99,2.33,92.09,45.43,33.01,826.16
2021-01-14,128.91,27.34,1740.18,463.27,38.98,2.18,95.49,45.15,33.99,845.0
2021-01-13,130.89,23.02,1754.4,472.05,37.47,2.18,93.25,45.36,33.46,854.41
2021-01-12,128.8,21.525,1746.55,471.65,38.77,2.29,93.34,45.79,33.66,849.44
2021-01-11,128.98,20.49,1766.72,474.24,38.98,2.2,91.6,45.36,33.07,811.19
2021-01-08,132.05,18.94,1807.21,485.1,37.35,2.14,91.08,45.06,32.53,880.02
2021-01-07,130.92,18.73,1787.25,477.74,37.63,2.05,90.22,44.96,32.86,816.04
2021-01-06,126.6,21.03,1735.29,466.31,36.93,2.01,89.8,44.4,32.15,755.98
2021-01-05,131.01,19.76,1740.92,485.69,36.05,1.98,87.0,43.98,30.26,735.11
2021-01-04,129.41,18.03,1728.24,485.34,35.44,2.01,84.71,43.96,30.03,729.77
2020-12-31,132.69,17.76,1751.88,500.12,37.3,2.12,84.45,44.75,30.31,705.67
2020-12-30,133.72,18.65,1739.52,497.45,37.59,2.16,85.33,44.48,29.98,694.78
2020-12-29,134.87,18.83,1758.72,502.11,37.1,2.29,84.61,44.64,30.01,665.99
2020-12-28,136.69,18.77,1776.09,498.95,36.55,2.39,84.9,44.92,30.13,663.69
2020-12-24,131.97,18.6,1738.85,499.86,36.9,2.51,85.33,44.54,29.96,661.77
2020-12-23,130.96,18.88,1732.38,496.91,36.52,2.56,85.69,44.375,30.05,645.98
2020-12-22,131.88,18.99,1723.5,504.17,34.67,2.59,84.36,44.69,29.21,640.34
2020-12-21,128.23,19.26,1739.37,498.39,35.42,2.68,86.09,44.88,29.74,649.86
2020-12-18,126.655,18.72,1731.01,502.95,36.24,2.8,87.19,45.44,28.67,695.0
2020-12-17,128.7,19.8,1747.9,495.36,37.38,2.85,88.41,44.82,28.83,655.9
2020-12-16,127.81,19.81,1763.0,489.9,37.7,2.78,88.69,44.72,28.72,622.77
2020-12-15,127.88,19.53,1767.77,482.64,37.66,2.86,89.37,44.72,28.64,633.25
2020-12-14,121.78,18.87,1760.06,486.42,37.31,3.19,89.44,44.24,28.22,639.83
2020-12-11,122.41,19.17,1781.77,475.91,39.07,3.92,92.45,44.32,28.57,609.99
2020-12-10,123.24,18.96,1775.33,476.87,40.11,4.09,93.35,44.32,29.11,627.07
2020-12-09,121.78,18.51,1784.13,483.74,39.33,3.86,90.44,44.69,28.8,604.48
2020-12-08,124.38,18.59,1818.55,495.28,37.65,3.98,91.54,44.37,28.93,649.88
2020-12-07,123.75,19.17,1819.48,492.25,38.4,3.56,90.76,44.35,29.09,641.76
2020-12-04,122.25,19.7,1827.99,486.0,39.72,3.51,93.28,44.38,29.29,599.04
2020-12-03,122.94,19.57,1826.77,484.28,38.28,3.63,89.8,44.11,28.91,593.38
2020-12-02,123.08,20.32,1827.95,481.26,37.68,4.32,89.87,43.89,29.06,568.82
2020-12-01,122.72,20.38,1798.1,479.15,36.58,4.15,87.45,43.54,28.69,584.76
2020-11-30,119.05,20.96,1760.74,478.47,35.17,4.27,87.18,43.02,28.16,567.6
2020-11-27,116.59,21.8,1793.19,477.03,37.03,4.45,91.31,42.7,28.99,585.76
2020-11-25,116.03,21.72,1771.43,470.08,37.57,4.49,92.14,42.5,29.03,574.0
2020-11-24,115.17,21.97,1768.88,462.7,38.23,4.58,95.62,42.61,28.98,555.38
2020-11-23,113.85,20.79,1734.86,460.61,37.0,3.81,91.03,41.64,27.39,521.85
2020-11-20,117.34,20.24,1742.19,462.92,34.79,3.35,85.79,40.97,26.81,489.61
2020-11-19,118.64,20.43,1763.92,466.41,35.95,3.19,85.73,41.17,26.98,499.27
2020-11-18,118.03,19.865,1746.78,459.47,35.1,3.26,84.28,41.32,26.98,486.64
2020-11-17,119.39,20.12,1770.15,467.95,36.6,2.98,87.04,41.88,27.55,441.61
2020-11-16,120.3,20.54,1781.38,460.95,37.16,3.11,88.96,42.54,27.58,408.09
2020-11-13,119.26,20.23,1777.02,469.34,36.71,2.97,83.03,41.4,27.0,408.5
2020-11-12,119.21,19.73,1749.84,462.58,35.24,2.94,80.67,38.67,26.69,411.76
2020-11-11,119.49,19.8,1752.71,467.75,35.67,3.13,82.46,39.33,27.34,417.13
2020-11-10,115.97,18.95,1740.39,452.0,37.18,3.51,83.07,38.72,27.66,410.36
2020-11-09,116.32,18.64,1763.0,471.14,37.89,3.77,79.4,38.2,27.76,421.26
2020-11-06,118.69,21.44,1761.75,494.63,30.95,2.49,71.15,37.53,24.31,429.95
2020-11-05,119.03,21.5,1763.37,496.47,32.31,2.46,72.14,37.23,24.61,438.09
2020-11-04,114.95,21.02,1749.13,487.23,28.37,2.31,71.77,36.57,23.68,420.98
2020-11-03,110.44,20.67,1650.21,454.02,30.57,2.34,71.74,36.68,24.69,423.9
2020-11-02,108.77,20.2,1626.03,444.94,30.52,2.15,72.15,35.9,24.08,400.51
2020-10-30,108.86,19.8,1621.01,447.1,33.67,2.36,69.5,35.9,23.7,388.04
2020-10-29,115.32,20.53,1567.24,461.11,36.7,2.52,68.8,35.69,23.54,410.83
2020-10-28,111.2,21.1,1516.62,456.97,35.16,2.61,66.88,35.71,23.47,406.02
2020-10-27,116.6,24.01,1604.26,478.56,35.98,2.79,69.51,36.87,23.85,424.68
2020-10-26,115.05,24.73,1590.45,475.2,36.75,2.75,70.94,37.67,24.54,420.28
2020-10-23,115.04,25.36,1641.0,488.5,40.38,2.97,72.57,38.82,24.9,420.63
2020-10-22,115.75,25.17,1615.33,483.6,38.12,3.12,73.4,38.82,24.87,425.79
2020-10-21,116.87,24.44,1593.31,495.96,37.39,3.0,70.87,39.06,24.05,422.64
2020-10-20,117.51,24.99,1555.93,494.58,36.24,3.09,71.68,39.2,24.14,421.94
2020-10-19,115.98,24.89,1534.61,495.2,33.1,3.54,71.28,39.3,23.72,430.83
2020-10-16,119.02,24.835,1573.01,502.82,31.95,3.04,72.89,40.16,24.24,439.67
2020-10-15,120.71,24.96,1559.13,501.15,30.6,2.78,73.51,39.97,24.15,448.88
2020-10-14,121.19,23.945,1568.08,506.31,29.85,2.96,72.95,39.89,23.62,461.3
2020-10-13,121.1,22.145,1571.68,514.31,29.46,3.54,73.4,39.81,24.95,446.65
2020-10-12,124.4,21.55,1569.15,510.89,30.59,4.08,74.51,40.36,25.68,442.3
2020-10-09,116.97,21.46,1515.22,502.16,31.57,4.05,74.0,39.85,25.36,434.0
2020-10-08,114.97,21.76,1485.93,490.84,31.17,4.14,75.22,39.79,25.24,425.92
2020-10-07,115.08,20.85,1460.29,493.15,30.61,4.04,73.78,39.4,24.88,425.3
2020-10-06,113.16,19.97,1453.44,478.98,29.05,4.06,72.3,38.57,24.37,413.98
2020-10-05,116.5,20.49,1486.02,486.47,29.07,4.13,72.7,38.57,24.62,425.68
2020-10-02,113.02,20.6,1458.42,478.99,28.34,4.65,71.19,38.27,24.21,415.09
2020-10-01,116.79,18.745,1490.09,499.51,28.73,4.65,70.42,38.8,24.1,448.16
2020-09-30,115.81,14.98,1469.6,490.43,26.32,4.71,72.0,39.39,24.09,429.01
2020-09-29,114.09,14.51,1469.33,489.33,25.82,4.86,71.9,39.06,23.77,419.07
2020-09-28,114.96,14.88,1464.52,488.51,27.52,4.91,73.93,39.13,24.09,421.2
2020-09-25,112.28,14.53,1444.96,479.78,27.21,4.88,71.83,38.45,23.49,407.34
2020-09-24,108.22,13.93,1428.29,467.67,27.2,4.61,71.8,37.85,23.34,387.79
2020-09-23,107.12,13.355,1415.21,470.39,27.66,4.78,71.95,38.28,23.26,380.36
2020-09-22,111.81,13.905,1465.46,486.78,28.89,5.21,75.53,39.32,23.94,424.23
2020-09-21,110.08,12.375,1431.16,475.64,28.81,5.32,76.3,39.04,24.47,449.39
2020-09-18,106.84,12.56,1459.99,467.55,30.94,5.67,78.21,39.81,25.21,442.15
2020-09-17,110.34,12.73,1495.53,474.3,32.57,5.72,78.79,40.37,25.35,423.43
2020-09-16,112.13,12.83,1520.9,476.0,31.61,5.76,78.56,40.42,25.6,441.76
2020-09-15,115.54,12.55,1541.44,497.67,32.51,5.52,76.35,40.6,25.28,449.76
2020-09-14,115.355,12.69,1519.28,485.91,34.07,5.54,77.29,40.37,25.75,419.62
2020-09-11,112.0,12.035,1520.72,471.35,33.35,5.79,77.69,39.88,25.5,372.72
2020-09-10,113.49,11.98,1532.02,476.26,34.35,5.94,78.15,39.57,25.14,371.34
2020-09-09,117.32,11.42,1556.96,479.46,34.41,6.26,80.03,40.13,25.51,366.28
2020-09-08,112.82,11.32,1532.39,462.13,34.54,6.42,78.97,40.0,25.48,330.21
2020-09-04,120.96,11.75,1591.04,491.94,34.87,7.02,81.93,40.82,26.54,418.32
2020-09-03,120.88,11.83,1641.84,507.8,34.58,6.6,82.28,40.95,25.66,407.0
2020-09-02,131.4,12.435,1728.28,533.8,36.18,7.04,83.19,42.42,26.02,447.37
2020-09-01,134.18,13.04,1660.71,527.95,35.31,6.07,83.08,42.03,25.71,475.05
2020-08-31,129.04,12.18,1634.18,513.39,34.11,5.88,83.93,42.22,25.74,498.32
2020-08-28,499.23,12.085,1644.41,516.44,35.31,6.3,85.63,42.2,26.3,2213.4
2020-08-27,500.04,11.91,1634.33,510.32,34.15,6.52,84.91,42.29,26.05,2238.75
2020-08-26,506.09,12.18,1652.38,528.49,33.29,5.6,84.78,42.25,25.56,2153.17
2020-08-25,499.3,12.32,1608.22,484.43,33.89,5.54,86.13,41.96,26.0,2023.34
2020-08-24,503.43,12.265,1588.2,476.3,33.95,5.41,87.2,42.18,25.69,2014.2
2020-08-21,497.48,11.67,1580.42,473.22,32.34,5.19,85.08,42.25,24.98,2049.98
2020-08-20,473.1,11.47,1581.75,478.48,32.98,5.69,84.81,42.31,25.1,2001.83
2020-08-19,462.83,12.2,1547.53,462.01,32.83,5.39,86.39,41.87,25.5,1878.53
2020-08-18,462.25,12.2,1558.6,463.51,31.63,5.35,87.63,41.98,25.53,1887.09
2020-08-17,458.43,12.87,1517.98,451.58,30.84,5.6,90.77,42.09,25.9,1835.64
2020-08-14,459.63,12.35,1507.73,447.6,31.23,5.54,90.35,42.5,26.47,1650.71
2020-08-13,460.04,12.34,1518.45,450.02,31.19,5.31,89.82,42.72,26.35,1621.0
2020-08-12,452.04,12.12,1506.62,445.36,31.49,4.64,90.72,48.1,26.73,1554.76
2020-08-11,437.5,11.93,1480.32,435.23,31.97,4.56,89.62,47.19,26.92,1374.39
2020-08-10,450.91,12.66,1496.1,443.29,30.07,4.47,89.73,47.73,26.56,1418.57
2020-08-07,444.45,12.11,1494.49,449.57,28.18,4.75,86.8,47.43,26.11,1452.71
2020-08-06,455.61,12.0,1500.1,464.11,28.38,4.14,87.47,47.77,25.47,1489.58
2020-08-05,440.25,11.77,1473.61,449.51,28.28,4.15,87.2,47.33,25.39,1485.02
2020-08-04,438.66,11.43,1464.97,446.92,25.46,4.1,86.49,47.67,25.01,1487.0
2020-08-03,435.75,11.05,1474.45,447.97,25.38,4.11,84.81,47.16,24.99,1485.0
2020-07-31,425.04,10.82,1482.96,444.32,25.9,4.04,83.94,47.1,24.88,1430.76
2020-07-30,384.76,10.96,1531.45,438.88,26.54,4.12,86.27,46.44,24.84,1487.49
2020-07-29,380.16,10.85,1522.02,436.3,27.46,4.16,90.07,46.71,25.27,1499.11
2020-07-28,373.01,10.35,1500.34,432.26,27.6,4.15,89.11,46.28,24.36,1476.49
2020-07-27,379.24,10.53,1530.2,437.1,28.62,3.87,91.04,47.19,24.14,1539.6
2020-07-24,370.46,10.14,1511.87,430.31,29.48,4.0,90.13,46.4,24.35,1417.0
2020-07-23,371.38,10.165,1515.68,431.74,28.99,4.06,91.01,47.41,24.54,1513.07
2020-07-22,389.09,10.0,1568.49,445.05,29.85,4.03,91.04,46.9,24.31,1592.33
2020-07-21,388.0,9.43,1558.42,444.28,28.89,4.15,91.39,47.02,24.42,1568.36
2020-07-20,393.43,8.89,1565.72,455.27,28.89,4.15,85.27,46.97,23.58,1643.0
2020-07-17,385.31,9.22,1515.55,432.42,29.75,4.27,87.19,46.75,23.22,1500.84
2020-07-16,386.09,9.47,1518.0,426.29,29.97,4.38,88.36,45.78,23.93,1500.64
2020-07-15,390.9,8.88,1513.64,433.01,30.68,4.5,88.89,46.4,24.6,1546.01
2020-07-14,388.23,8.39,1520.58,433.78,28.42,4.22,88.35,46.26,24.14,1516.8
2020-07-13,381.91,7.73,1511.34,442.47,26.99,4.26,85.4,45.93,24.19,1497.06
2020-07-10,383.68,8.2,1541.74,466.2,28.04,4.6,85.23,46.66,24.02,1544.65
2020-07-09,383.01,7.86,1510.99,460.84,26.84,4.57,82.74,46.7,22.77,1394.28
2020-07-08,381.37,10.41,1496.0,457.68,28.26,4.43,86.35,45.81,23.1,1365.88
2020-07-07,372.69,10.24,1485.18,449.36,25.33,4.13,86.31,45.63,23.01,1389.86
2020-07-06,373.85,10.76,1495.7,452.59,26.92,4.28,88.57,46.42,23.66,1371.58
2020-07-02,364.11,10.81,1464.7,442.95,25.92,4.53,88.31,45.63,23.29,1208.66
2020-07-01,364.11,10.64,1438.04,439.81,22.48,4.57,87.62,46.06,23.26,1119.63
2020-06-30,364.8,10.6,1413.61,435.31,22.89,4.29,89.23,46.64,23.75,1079.81
2020-06-29,361.78,10.82,1394.97,424.2,22.71,4.42,87.67,46.15,23.39,1009.35
2020-06-26,353.63,10.05,1359.9,426.92,20.6,4.18,86.46,46.31,23.15,959.74
2020-06-25,364.84,9.475,1441.33,436.95,22.28,4.27,89.21,45.22,24.72,985.98
2020-06-24,360.06,9.35,1431.97,431.68,21.98,4.79,87.64,44.75,23.81,960.85
2020-06-23,366.53,10.24,1464.41,440.55,24.64,5.1,91.44,45.47,24.79,1001.78
2020-06-22,358.87,9.97,1451.86,438.64,24.41,5.33,91.59,45.16,24.62,994.32
2020-06-19,349.72,9.84,1431.72,428.01,25.58,5.52,90.63,45.32,25.25,1000.9
2020-06-18,351.73,10.1,1435.96,420.46,26.3,5.63,91.94,45.83,25.04,1003.96
2020-06-17,351.59,9.72,1451.12,413.49,25.68,5.42,91.54,46.17,25.0,991.79
2020-06-16,352.08,9.64,1442.72,411.67,28.09,5.56,94.03,46.48,25.8,982.13
2020-06-15,342.99,8.37,1419.85,401.34,26.35,5.8,91.23,45.35,25.15,990.9
2020-06-12,338.8,8.1,1413.18,406.54,26.19,5.89,92.39,45.07,24.78,935.28
2020-06-11,335.9,7.46,1403.84,387.67,23.1,5.17,89.37,43.67,23.93,972.84
2020-06-10,352.84,8.26,1465.85,406.82,27.09,6.29,97.58,47.42,26.6,1025.05
2020-06-09,343.99,9.09,1456.16,397.16,29.12,5.99,101.53,48.05,28.22,940.67
2020-06-08,333.46,9.86,1446.61,397.78,32.28,6.45,103.24,48.13,28.54,949.92
2020-06-05,331.5,9.32,1438.39,392.9,31.43,5.91,100.81,47.83,28.11,885.66
2020-06-04,322.32,8.73,1412.18,385.8,28.5,5.38,96.28,46.86,26.78,864.38
2020-06-03,325.12,8.08,1436.38,389.92,27.2,5.45,97.18,46.94,25.99,882.96
2020-06-02,323.34,7.55,1439.22,390.44,23.72,5.59,94.69,46.89,24.84,881.56
2020-06-01,321.85,7.5,1431.82,389.68,24.48,5.31,92.79,46.3,24.61,898.1
2020-05-29,317.94,7.27,1428.92,386.6,21.53,5.13,91.7,47.82,24.12,835.0
2020-05-28,318.25,7.47,1416.73,379.83,20.02,5.07,90.87,45.6,24.86,805.81
2020-05-27,318.11,7.69,1417.84,375.17,21.97,5.6,93.9,45.96,25.98,820.23
2020-05-26,316.73,7.49,1417.02,376.63,18.61,5.11,93.3,44.84,24.28,818.87
2020-05-22,318.89,6.7,1410.42,385.26,16.72,4.58,90.28,44.9,22.66,816.88
2020-05-21,316.85,6.8,1402.8,382.17,16.56,4.63,92.04,44.64,22.9,827.6
2020-05-20,319.23,5.95,1406.72,383.63,15.36,4.66,93.0,45.44,22.91,815.56
2020-05-19,313.14,5.95,1373.48,372.2,13.71,4.56,89.62,44.61,22.21,808.01
2020-05-18,314.96,6.28,1383.94,367.97,14.75,4.72,92.55,45.06,22.93,813.63
2020-05-15,307.71,5.79,1373.19,365.3,11.88,4.52,89.16,44.27,21.44,799.17
2020-05-14,309.54,5.35,1356.13,355.39,11.9,4.55,90.05,43.85,21.71,803.33
2020-05-13,307.65,5.45,1349.33,358.56,10.73,4.6,88.7,41.95,20.87,790.96
2020-05-12,311.41,5.86,1375.74,365.1,12.26,5.12,91.1,43.22,21.87,809.41
2020-05-11,315.01,6.2,1403.26,371.42,13.14,5.32,93.37,43.32,22.58,811.29
2020-05-08,310.13,6.46,1388.37,367.51,14.74,4.1,95.47,42.99,23.57,819.42
2020-05-07,303.74,5.78,1372.56,366.78,13.05,3.99,92.64,41.37,22.84,780.04
2020-05-06,300.63,5.64,1347.3,362.52,12.47,3.92,90.05,41.15,22.35,782.58
2020-05-05,297.56,5.58,1351.11,356.13,13.88,3.89,92.89,41.46,22.66,768.21
2020-05-04,293.16,5.91,1326.8,349.11,13.97,4.3,91.44,41.35,22.93,761.19
2020-05-01,289.07,5.635,1320.61,343.84,13.9,4.57,89.44,40.92,23.08,701.32
2020-04-30,293.8,6.19,1348.66,353.64,16.48,4.92,92.0,42.38,24.05,781.88
2020-04-29,287.73,6.59,1341.48,349.17,17.0,5.19,94.62,43.34,24.78,800.51
2020-04-28,278.58,6.65,1233.67,333.45,16.52,4.14,89.91,42.49,23.89,769.12
2020-04-27,283.17,6.41,1275.88,348.5,15.2,3.36,89.71,43.06,23.47,798.75
2020-04-24,282.97,5.23,1279.31,344.1,13.08,3.05,87.01,42.52,22.18,725.15
2020-04-23,275.03,4.91,1276.31,335.37,12.01,3.11,86.8,41.62,21.87,705.63
2020-04-22,276.1,4.6,1263.21,336.77,12.0,3.18,84.44,41.76,21.8,732.11
2020-04-21,268.37,4.53,1216.34,328.99,12.63,3.25,81.64,40.55,21.64,686.72
2020-04-20,276.93,4.55,1266.61,344.88,13.51,3.18,83.57,42.54,22.5,746.36
2020-04-17,282.8,4.79,1283.25,344.11,14.03,3.2,87.17,42.48,23.28,753.89
2020-04-16,286.69,5.24,1263.47,342.7,12.89,2.44,79.99,41.5,21.42,745.21
2020-04-15,284.43,4.44,1262.47,332.55,14.25,2.41,82.49,41.52,22.19,729.83
2020-04-14,287.05,5.37,1269.23,340.765,14.48,2.18,84.61,42.78,23.73,709.89
2020-04-13,273.25,5.27,1217.56,320.65,14.79,2.08,84.91,41.22,23.92,650.95
2020-04-09,267.99,5.58,1211.45,318.7,15.95,2.6,84.31,41.2,24.86,573.0
2020-04-08,266.07,5.7,1210.28,317.18,14.42,3.3,85.98,41.74,23.45,548.84
2020-04-07,259.43,4.71,1186.51,308.93,13.87,3.14,80.92,40.64,22.14,545.45
2020-04-06,262.47,4.41,1186.92,319.13,12.36,2.88,80.39,41.43,21.39,516.24
2020-04-03,241.41,3.94,1097.88,293.61,10.58,2.27,75.11,39.06,20.03,480.01
2020-04-02,244.93,3.56,1120.84,303.96,11.26,2.24,76.12,39.8,20.57,454.47
2020-04-01,240.91,3.79,1105.62,301.21,12.85,2.62,68.56,38.33,19.77,481.56
2020-03-31,254.29,4.21,1162.81,318.24,13.9,3.16,72.46,39.31,21.23,524.0
2020-03-30,254.81,4.2,1146.82,318.39,13.46,3.04,71.95,40.32,22.04,502.13
2020-03-27,247.74,4.65,1110.71,305.83,14.65,3.6,68.78,38.82,21.6,514.36
2020-03-26,258.44,4.89,1161.75,322.67,16.42,3.7,76.38,40.58,22.72,528.16
2020-03-25,245.52,5.39,1102.49,305.91,17.24,3.46,69.27,37.67,21.1,539.25
2020-03-24,246.88,5.72,1134.46,310.0,17.91,3.56,66.55,38.6,21.03,505.0
2020-03-23,224.37,4.46,1056.62,307.27,13.4,3.15,54.22,34.6,18.08,434.29
2020-03-20,229.24,5.0,1072.32,295.34,10.98,3.19,59.39,35.6,19.67,427.53
2020-03-19,244.78,5.42,1115.29,307.51,9.68,3.37,57.39,37.71,21.2,427.64
2020-03-18,246.67,4.62,1096.8,294.61,7.78,2.47,55.05,37.12,20.79,361.22
2020-03-17,252.86,5.44,1119.8,311.81,12.15,2.48,70.69,35.5,21.98,430.2
2020-03-16,242.21,6.09,1084.33,286.03,14.3,2.6,69.7,33.71,20.44,445.07
2020-03-13,277.97,7.29,1219.73,335.5,18.01,3.22,83.42,37.64,24.16,546.62
2020-03-12,248.23,6.29,1114.91,285.0,15.53,2.91,76.26,33.2,20.51,560.55
2020-03-11,275.43,7.65,1215.41,315.23,19.41,3.64,83.03,37.05,22.67,634.23
2020-03-10,285.34,8.74,1280.39,332.38,22.12,4.2,84.98,40.08,23.61,645.33
2020-03-09,266.17,9.01,1215.56,305.79,21.09,3.85,80.67,37.96,21.93,608.0
2020-03-06,289.03,9.79,1298.41,336.77,24.13,4.53,95.32,39.68,25.71,703.48
2020-03-05,292.92,9.49,1319.04,351.03,24.87,4.92,97.19,39.57,26.78,724.54
2020-03-04,302.74,9.97,1386.52,363.85,28.91,5.82,98.53,41.39,28.39,749.5
2020-03-03,289.32,9.91,1341.39,348.34,29.93,5.81,94.39,40.04,27.75,745.51
2020-03-02,298.81,10.33,1389.11,360.28,32.28,6.11,96.59,41.17,29.37,743.62
2020-02-28,273.36,10.81,1339.33,345.12,32.38,6.26,93.34,39.93,28.5,667.99
2020-02-27,273.52,10.28,1318.09,337.52,32.02,6.09,94.13,40.04,29.13,679.0
2020-02-26,292.65,10.6,1393.18,351.34,36.02,5.93,98.04,42.16,30.63,778.8
2020-02-25,288.08,10.99,1388.45,347.8,40.22,6.55,100.71,42.74,31.08,799.91
2020-02-24,298.18,11.62,1421.59,357.41,44.15,7.05,104.71,44.0,32.73,833.79
2020-02-21,313.05,12.45,1485.11,372.95,47.94,7.46,109.01,46.3,34.36,901.0
2020-02-20,320.3,12.67,1518.15,378.96,50.34,7.76,109.81,46.85,34.85,899.41
2020-02-19,323.62,12.61,1526.69,383.28,43.18,7.31,110.74,46.29,34.72,917.42
2020-02-18,319.0,11.78,1519.67,378.85,41.32,7.04,110.24,46.59,34.27,858.4
2020-02-14,324.95,11.18,1520.74,379.67,41.3,7.1,110.08,46.97,34.85,800.03
2020-02-13,324.87,11.81,1514.66,374.84,41.48,7.0,111.66,47.32,34.91,804.0
2020-02-12,327.2,11.79,1518.27,374.29,40.88,6.86,112.04,49.93,34.92,767.29
2020-02-11,319.61,14.85,1508.79,369.28,38.6,6.94,111.21,49.13,34.77,774.38
2020-02-10,321.55,14.29,1508.68,370.0,37.34,6.79,109.79,48.87,34.69,771.28
2020-02-07,320.03,15.31,1479.23,366.09,34.87,6.55,108.94,47.97,34.61,748.07
2020-02-06,325.21,15.62,1476.23,367.46,34.56,6.75,109.49,48.69,34.67,748.96
2020-02-05,321.45,15.75,1448.23,365.55,35.47,7.0,110.28,48.45,34.71,734.7
2020-02-04,318.85,15.34,1447.07,366.74,34.39,6.65,106.85,47.62,33.62,887.06
2020-02-03,308.66,14.885,1485.94,358.0,32.83,6.45,106.28,46.53,32.97,780.0
2020-01-31,309.51,14.25,1434.23,351.14,32.8,6.52,107.14,45.97,32.83,650.57
2020-01-30,323.87,14.95,1455.84,356.74,33.36,6.84,111.4,47.24,33.48,640.81
2020-01-29,324.34,16.21,1458.63,351.66,33.57,6.77,110.37,47.05,33.01,580.99
2020-01-28,317.69,16.12,1452.56,354.63,33.76,6.79,111.12,47.77,33.24,566.9
2020-01-27,308.95,15.92,1433.9,346.9,32.75,6.36,110.39,47.47,32.85,558.02
2020-01-24,318.31,16.35,1466.71,351.37,34.2,6.74,111.85,48.85,33.54,564.82
2020-01-23,319.23,16.065,1486.65,351.76,34.56,6.8,113.1,49.0,34.12,572.2
2020-01-22,317.7,15.88,1485.95,350.06,34.51,6.97,112.9,49.07,34.36,569.56
2020-01-21,316.57,15.98,1484.4,350.0,34.64,7.18,113.31,48.8,34.26,547.2
2020-01-17,318.73,15.39,1480.39,349.74,34.99,7.28,115.58,49.02,34.71,510.5
2020-01-16,315.24,15.36,1451.7,345.38,35.88,7.33,116.89,49.05,34.72,513.49
2020-01-15,311.34,15.57,1439.2,342.94,35.83,7.11,116.13,48.01,34.67,518.5
2020-01-14,312.68,15.385,1430.88,344.63,36.48,6.85,116.3,47.79,35.32,537.92
2020-01-13,316.96,15.0,1439.23,345.63,35.72,6.56,116.66,47.97,35.06,524.86
2020-01-10,310.33,14.555,1429.73,339.81,34.5,6.47,116.44,47.13,34.74,478.15
2020-01-09,309.63,13.45,1419.83,340.45,35.55,6.46,117.51,47.32,35.03,481.34
2020-01-08,303.19,16.65,1404.32,337.87,33.62,6.62,117.7,47.52,34.97,492.14
2020-01-07,298.39,16.84,1393.34,333.39,33.02,7.13,119.06,47.49,34.62,469.06
2020-01-06,299.8,16.56,1394.21,333.71,32.87,7.12,120.6,47.8,34.85,451.54
2020-01-03,297.43,16.08,1360.66,331.81,32.67,7.32,121.01,47.63,34.9,443.01
2020-01-02,300.35,16.33,1367.37,334.43,33.33,7.46,121.43,48.42,35.64,430.26
2019-12-31,293.65,17.3,1337.02,329.81,32.24,7.24,120.51,47.96,35.22,418.33
2019-12-30,291.52,17.32,1336.14,328.34,32.68,7.24,119.85,47.59,35.15,414.7
2019-12-27,289.8,17.08,1351.89,330.79,32.39,7.3,120.3,47.77,35.35,430.38
2019-12-26,289.91,17.25,1360.4,331.2,32.67,7.34,120.6,47.85,35.52,430.94
2019-12-24,284.27,17.28,1343.56,329.64,32.97,7.51,120.34,47.78,35.22,425.25
2019-12-23,284.0,16.7,1348.84,328.95,32.94,7.32,120.33,48.1,35.17,419.22
2019-12-20,279.44,16.7,1349.59,327.61,32.89,7.73,119.68,47.45,34.96,405.59
2019-12-19,280.02,17.205,1356.04,327.63,32.4,7.8,118.13,47.88,34.95,404.04
2019-12-18,279.74,17.72,1352.62,324.38,32.55,7.96,118.55,46.64,35.11,393.15
2019-12-17,280.41,16.88,1355.12,322.85,32.29,8.12,118.6,46.44,35.04,378.99
2019-12-16,279.86,15.175,1361.17,323.8,32.08,8.35,119.36,45.98,34.7,381.5
2019-12-13,275.15,15.33,1347.83,317.94,31.3,8.22,117.96,45.3,34.44,358.39
2019-12-12,271.46,15.825,1350.27,305.96,31.1,8.3,118.81,45.67,34.68,359.68
2019-12-11,270.77,15.55,1345.02,303.74,32.52,8.16,116.23,44.28,33.64,352.7
2019-12-10,268.48,15.515,1344.66,304.17,32.14,8.1,117.89,44.1,33.53,348.84
2019-12-09,266.92,15.41,1343.56,307.05,31.81,8.23,117.3,43.9,33.51,339.53
2019-12-06,270.71,14.77,1340.62,306.23,31.16,8.05,118.01,43.84,33.67,335.89
2019-12-05,265.58,14.44,1328.13,303.03,29.79,7.87,116.33,43.52,33.09,330.37
2019-12-04,261.74,14.81,1320.54,302.51,29.85,7.93,116.94,43.89,33.15,333.03
2019-12-03,259.45,14.0,1295.28,303.91,29.34,8.27,115.89,44.28,32.84,336.2
2019-12-02,264.16,14.53,1289.92,302.75,29.66,8.67,116.8,44.7,33.43,334.87
2019-11-29,267.25,14.58,1304.96,309.53,29.75,8.18,117.13,45.31,33.32,329.94
2019-11-27,267.84,14.66,1312.99,309.06,30.61,8.43,118.07,45.24,33.42,331.29
2019-11-26,264.29,14.48,1313.55,307.9,30.25,7.9,117.79,45.31,33.35,328.92
2019-11-25,266.37,13.57,1306.69,305.28,30.47,8.38,118.38,45.45,33.47,336.34
2019-11-22,261.78,12.53,1295.34,299.3,29.23,7.96,118.63,44.85,33.18,333.04
2019-11-21,262.01,12.5,1301.35,298.8,28.71,7.94,118.77,44.84,32.84,354.83
2019-11-20,263.19,12.8,1303.05,300.1,28.58,8.13,117.34,45.08,32.69,352.22
2019-11-19,266.29,12.99,1315.46,300.6,29.84,8.47,116.45,45.47,32.94,359.52
2019-11-18,267.1,13.96,1320.7,297.16,30.96,8.47,118.55,45.15,32.96,349.99
2019-11-15,265.76,14.2,1334.87,297.5,31.59,8.76,120.64,45.09,32.93,352.17
2019-11-14,262.64,13.81,1311.46,294.53,30.4,8.88,121.96,44.91,32.7,349.35
2019-11-13,264.47,13.46,1298.0,293.54,29.8,8.8,122.28,48.46,32.79,346.11
2019-11-12,261.96,13.5,1298.8,291.72,31.0,9.28,120.96,48.37,33.09,349.93
2019-11-11,262.2,13.75,1299.19,290.27,30.95,9.54,120.81,48.1,33.18,345.09
2019-11-08,260.14,13.85,1311.37,292.46,30.74,9.62,120.93,48.83,33.26,337.14
2019-11-07,259.43,14.0,1308.86,290.77,29.59,9.24,121.89,48.42,33.23,335.54
2019-11-06,257.24,14.38,1291.8,287.4,29.25,9.69,119.9,48.27,32.79,326.58
2019-11-05,257.13,14.46,1292.03,289.29,29.82,9.78,121.94,47.76,32.82,317.22
2019-11-04,257.5,13.93,1291.37,277.5,28.55,9.75,121.57,47.48,32.4,317.47
2019-11-01,255.82,13.38,1273.74,277.82,27.75,9.62,116.21,47.03,31.8,313.31
2019-10-31,248.76,13.7,1260.11,277.93,29.71,9.37,116.14,47.51,31.27,314.92
2019-10-30,243.26,14.2,1261.29,278.41,30.16,9.4,116.36,47.56,31.62,315.01
2019-10-29,243.29,14.8,1262.62,271.45,30.4,9.81,118.13,47.24,32.07,316.22
2019-10-28,249.05,14.78,1290.0,271.35,30.66,9.91,118.48,47.17,31.84,327.71
2019-10-25,246.58,14.27,1265.13,270.98,29.9,9.72,118.67,46.9,31.72,328.13
2019-10-24,243.58,14.32,1260.99,269.7,29.96,9.6,117.58,46.41,31.36,299.68
2019-10-23,243.18,14.07,1259.13,261.32,31.13,9.87,117.98,47.05,31.42,254.68
2019-10-22,239.96,13.76,1242.8,261.09,29.89,9.76,117.8,47.55,31.2,255.58
2019-10-21,240.51,13.06,1246.15,266.84,29.33,9.22,116.61,47.39,31.02,253.5
2019-10-18,236.41,12.53,1245.49,265.52,28.73,9.36,114.74,46.71,30.35,256.95
2019-10-17,235.28,12.58,1253.07,269.24,29.5,9.34,115.35,47.03,30.26,261.97
2019-10-16,234.37,12.365,1243.64,272.7,28.67,9.34,115.11,46.79,30.17,259.75
2019-10-15,235.32,11.985,1243.01,279.39,29.24,9.17,116.31,46.36,29.73,257.89
2019-10-14,235.87,12.295,1217.14,277.78,28.46,8.95,116.18,46.05,29.14,256.96
2019-10-11,236.21,12.975,1215.45,278.29,28.28,9.22,116.15,46.56,28.91,247.89
2019-10-10,230.09,12.085,1208.67,274.98,26.71,9.16,114.59,46.15,28.45,244.74
2019-10-09,227.03,9.94,1202.31,274.27,26.4,9.39,113.14,46.84,27.89,244.53
2019-10-08,224.4,9.945,1189.13,270.83,25.66,9.83,111.71,46.39,27.63,240.05
2019-10-07,227.06,10.22,1207.68,276.9,26.38,9.78,113.26,47.77,28.31,237.72
2019-10-04,227.01,10.09,1209.0,276.96,26.34,9.82,113.85,47.52,28.37,231.43
2019-10-03,220.82,10.29,1187.83,272.4,25.89,9.93,113.15,47.06,27.81,233.03
2019-10-02,218.96,10.02,1176.63,266.66,25.89,10.22,112.29,46.56,27.84,243.13
2019-10-01,224.59,10.32,1205.1,272.71,27.25,10.62,116.01,47.74,28.44,244.69
2019-09-30,223.97,10.64,1219.0,276.25,28.26,10.7,118.6,49.41,29.17,240.87
2019-09-27,218.82,9.89,1225.09,277.54,27.49,10.78,118.6,48.84,29.35,242.13
2019-09-26,219.89,9.8,1241.39,283.81,27.77,10.82,120.16,48.83,29.13,242.56
2019-09-25,221.03,9.66,1246.52,277.43,27.99,10.81,123.51,49.61,29.25,228.7
2019-09-24,217.68,9.65,1218.76,272.47,27.3,10.71,123.74,49.12,28.94,223.21
2019-09-23,218.72,9.87,1234.03,277.44,28.98,10.72,124.9,49.42,29.52,241.23
2019-09-20,217.73,9.82,1229.93,277.91,29.34,10.85,124.32,49.6,29.59,240.62
2019-09-19,220.96,9.99,1238.71,281.26,29.51,10.77,123.66,49.19,29.82,246.6
2019-09-18,222.77,9.7,1232.41,279.72,29.5,11.17,124.18,49.34,30.0,243.49
2019-09-17,220.7,10.18,1229.15,284.69,29.51,11.49,123.89,49.41,29.94,244.79
2019-09-16,219.9,10.29,1231.3,282.93,29.5,11.91,124.12,49.96,30.13,242.81
2019-09-13,218.75,10.52,1239.56,278.35,28.88,11.96,121.5,50.03,30.17,245.2
2019-09-12,223.09,10.64,1234.25,278.02,29.24,11.7,121.42,49.93,29.67,245.87
2019-09-11,223.59,10.92,1220.17,277.78,29.13,11.74,121.28,50.03,29.46,247.1
2019-09-10,216.7,10.71,1206.0,276.14,28.35,11.65,121.85,49.21,29.35,235.54
2019-09-09,214.17,10.48,1204.41,279.3,27.35,11.68,119.39,48.58,28.63,231.79
2019-09-06,213.26,10.35,1204.93,284.94,25.06,11.52,118.26,48.84,27.73,227.45
2019-09-05,213.28,10.13,1211.38,287.75,25.33,12.02,117.64,48.42,28.12,229.58
2019-09-04,209.19,9.46,1181.41,284.6,24.39,11.71,117.25,47.32,27.49,220.68
2019-09-03,205.7,9.33,1168.39,282.45,24.26,11.4,116.27,46.5,27.05,225.01
2019-08-30,208.74,9.67,1188.1,284.51,24.77,11.11,117.72,46.81,27.51,225.61
2019-08-29,209.01,9.48,1192.85,286.63,24.78,11.3,117.52,47.27,27.33,221.71
2019-08-28,205.53,8.54,1171.02,282.13,24.08,11.25,116.83,46.87,26.85,215.59
2019-08-27,204.16,8.1,1167.84,289.45,24.1,10.86,115.83,46.79,26.47,214.08
2019-08-26,206.49,8.34,1168.89,288.74,24.89,11.31,115.74,47.1,26.78,215.0
2019-08-23,202.64,8.35,1151.29,282.44,24.69,11.01,115.18,46.61,26.47,211.4
2019-08-22,212.46,8.74,1189.53,287.69,25.46,11.51,117.73,48.18,27.19,222.15
2019-08-21,212.64,7.97,1191.25,291.53,25.72,11.41,117.88,48.77,26.93,220.83
2019-08-20,210.36,7.74,1182.69,285.71,26.23,11.34,116.13,47.93,26.72,225.86
2019-08-19,210.35,7.71,1198.45,287.97,26.22,11.39,117.31,48.5,27.27,226.83
2019-08-16,206.5,7.48,1177.6,287.45,26.47,11.15,115.81,46.96,27.03,219.94
2019-08-15,201.74,7.4,1167.26,282.71,26.2,10.84,116.95,46.25,26.25,215.64
2019-08-14,202.75,7.88,1164.29,283.66,27.21,10.75,117.74,50.61,26.42,219.62
2019-08-13,208.97,8.15,1197.27,293.17,29.23,11.67,122.39,52.72,27.72,235.0
2019-08-12,200.48,8.41,1174.71,288.65,29.42,11.76,121.55,51.54,27.64,229.01
2019-08-09,200.99,8.46,1188.01,294.83,31.41,12.18,122.42,52.43,28.33,235.01
2019-08-08,203.43,9.0,1204.8,297.78,31.8,12.01,123.23,53.16,28.38,238.3
2019-08-07,199.04,8.74,1173.99,289.02,31.21,11.35,119.1,52.34,27.89,233.42
2019-08-06,197.0,8.84,1169.95,286.21,33.69,11.32,119.38,52.6,28.42,230.75
2019-08-05,193.34,8.97,1152.32,280.36,33.9,11.1,118.74,51.37,28.08,228.32
2019-08-02,204.02,9.2,1193.99,293.71,34.74,11.62,120.73,53.25,29.38,234.34
2019-08-01,208.43,9.0,1209.01,298.44,35.27,11.26,120.74,55.39,29.49,233.85
2019-07-31,213.04,9.71,1216.68,298.86,36.39,11.83,123.11,55.4,30.68,241.61
2019-07-30,208.78,9.39,1225.14,303.64,36.2,11.74,124.34,56.47,30.89,242.26
2019-07-29,209.68,9.67,1239.41,307.22,36.22,11.45,124.23,56.93,30.52,235.77
2019-07-26,207.74,9.98,1250.41,311.27,36.06,11.25,123.72,56.53,30.77,228.04
2019-07-25,207.02,9.85,1132.12,308.73,35.91,10.94,125.63,56.62,30.34,228.82
2019-07-24,208.67,9.44,1137.81,310.27,36.39,10.78,126.54,57.23,30.67,264.88
2019-07-23,208.84,9.16,1146.21,307.88,35.37,10.3,125.82,57.71,30.25,260.17
2019-07-22,207.22,9.36,1138.07,308.55,35.04,10.41,125.31,57.73,29.57,255.68
2019-07-19,202.59,9.9,1130.1,306.87,35.8,10.54,125.04,57.36,29.4,258.18
2019-07-18,205.66,9.75,1146.33,310.08,35.84,9.62,124.68,57.74,29.48,253.54
2019-07-17,203.35,10.11,1146.35,309.39,36.13,9.81,124.14,57.21,29.19,254.86
2019-07-16,204.5,10.8,1153.58,305.7,36.51,9.78,124.76,57.62,28.99,252.38
2019-07-15,205.21,10.55,1150.34,308.76,36.36,9.49,125.72,58.05,29.22,253.5
2019-07-12,203.3,10.89,1144.9,309.42,35.81,9.46,125.98,57.95,29.45,245.08
2019-07-11,201.75,11.17,1144.21,307.6,35.51,9.45,125.43,57.3,29.36,238.6
2019-07-10,203.23,11.52,1140.48,306.98,34.76,9.22,125.44,57.13,29.02,238.92
2019-07-09,201.24,11.44,1124.83,304.2,35.01,8.91,123.35,56.34,29.35,230.06
2019-07-08,200.02,11.49,1116.35,302.92,34.49,8.86,123.6,56.19,29.2,230.34
2019-07-05,204.23,11.47,1131.59,303.98,34.97,9.4,123.54,56.6,29.26,233.1
2019-07-03,204.41,11.14,1121.58,305.7,34.87,9.1,123.35,56.48,29.05,234.9
2019-07-02,202.73,11.18,1111.25,301.39,34.47,9.21,122.93,55.81,29.15,224.55
2019-07-01,201.55,11.45,1097.95,300.97,34.95,9.27,124.84,54.74,29.42,227.17
2019-06-28,197.92,11.62,1080.91,294.65,35.16,9.33,124.44,54.73,29.0,223.46
2019-06-27,199.74,11.47,1076.01,293.23,34.84,9.49,123.11,55.73,28.21,222.84
2019-06-26,199.8,11.18,1079.8,288.72,34.6,9.45,123.93,56.6,27.91,219.27
2019-06-25,195.57,11.44,1086.35,287.97,35.28,9.48,123.64,56.08,27.76,219.76
2019-06-24,198.58,11.25,1115.52,299.87,34.82,10.01,124.91,57.18,27.98,223.64
2019-06-21,198.78,11.57,1121.88,299.33,34.3,10.6,124.93,57.03,28.12,221.86
2019-06-20,199.46,11.77,1111.42,302.11,34.77,10.93,124.28,57.41,28.27,219.62
2019-06-19,197.87,11.69,1102.33,291.21,34.61,11.53,122.89,56.13,28.32,226.43
2019-06-18,198.45,12.07,1103.6,276.78,34.42,11.41,122.93,56.05,28.62,224.74
2019-06-17,193.89,11.83,1092.5,275.6,33.42,11.18,121.39,55.4,27.93,225.03
2019-06-14,192.74,12.09,1085.35,274.28,33.24,10.96,120.81,54.75,28.04,214.92
2019-06-13,194.15,12.29,1088.77,276.3,32.66,10.95,120.91,56.17,27.94,213.91
2019-06-12,194.19,12.2,1077.03,276.84,30.68,10.69,120.19,55.86,27.95,209.26
2019-06-11,194.81,12.35,1078.72,275.99,30.61,11.04,121.17,57.11,28.24,217.1
2019-06-10,192.58,12.18,1080.38,280.34,30.4,10.94,122.29,56.42,28.07,212.88
2019-06-07,190.15,12.43,1066.04,278.16,29.8,10.75,121.48,55.93,27.53,204.5
2019-06-06,185.22,12.41,1044.34,274.8,29.7,11.09,120.68,55.1,27.88,205.95
2019-06-05,182.54,12.88,1042.22,272.86,30.32,11.18,117.65,54.75,27.91,196.59
2019-06-04,179.64,13.51,1053.05,268.71,30.26,11.78,117.3,53.23,27.92,193.6
2019-06-03,173.3,13.15,1036.23,259.03,28.52,11.9,115.99,51.78,26.68,178.97
2019-05-31,175.07,12.69,1103.63,270.9,28.36,11.98,113.85,52.03,26.6,185.16
2019-05-30,178.3,12.77,1117.95,274.51,28.8,12.01,115.38,53.57,27.16,188.22
2019-05-29,177.38,13.05,1116.46,273.38,29.92,12.06,116.77,53.18,27.75,189.86
2019-05-28,178.23,13.5,1134.15,278.25,29.8,12.5,118.31,53.93,27.9,188.7
2019-05-24,178.97,13.86,1133.47,274.77,29.83,12.69,118.71,54.37,28.18,190.63
2019-05-23,179.66,13.85,1140.77,274.25,29.91,12.95,117.87,54.19,27.76,195.49
2019-05-22,182.78,14.22,1151.42,281.82,30.31,13.04,120.57,55.69,28.49,192.73
2019-05-21,186.6,14.72,1149.63,278.07,31.43,13.21,121.34,56.52,28.69,205.08
2019-05-20,183.09,14.49,1138.85,275.45,31.45,13.0,120.84,56.01,28.4,205.36
2019-05-17,189.0,15.01,1162.3,279.85,31.56,13.13,120.52,56.35,28.4,211.03
2019-05-16,190.08,15.0,1178.98,283.55,32.82,13.4,120.8,55.93,28.59,228.33
2019-05-15,190.92,15.25,1164.21,276.82,32.95,13.58,122.14,52.44,28.29,231.95
2019-05-14,188.66,15.27,1120.44,271.86,33.23,13.5,121.64,52.02,28.62,232.31
2019-05-13,185.72,15.08,1132.03,267.7,33.08,13.29,120.44,51.3,28.25,227.01
2019-05-10,197.18,15.76,1164.27,278.48,33.98,13.82,121.99,53.36,29.58,239.52
2019-05-09,200.72,16.07,1162.38,275.79,34.65,13.63,121.19,52.92,29.71,241.98
2019-05-08,202.9,15.88,1166.27,276.77,34.27,14.65,117.5,53.47,29.8,244.84
2019-05-07,202.86,15.75,1174.1,277.07,34.86,14.97,118.27,53.45,29.92,247.06
2019-05-06,208.48,16.32,1189.39,283.66,36.71,14.87,118.4,54.59,30.47,255.34
2019-05-03,211.75,16.45,1185.4,285.58,37.15,14.59,117.27,54.94,30.71,255.03
2019-05-02,209.15,16.2,1162.61,279.64,36.11,14.7,116.38,54.94,30.5,244.1
2019-05-01,210.52,16.3,1168.08,283.35,35.0,14.71,117.81,55.58,30.26,234.01
2019-04-30,200.67,16.71,1188.48,289.25,35.55,15.16,120.06,55.95,30.58,238.69
2019-04-29,204.61,16.84,1287.58,286.14,36.27,15.5,117.72,56.13,30.77,241.47
2019-04-26,204.3,16.8,1272.18,281.96,36.55,15.4,117.1,55.88,30.35,235.14
2019-04-25,205.28,16.82,1263.45,277.66,35.81,15.3,117.9,56.33,30.08,247.63
2019-04-24,207.16,16.86,1256.0,275.45,36.69,15.44,118.28,56.88,30.02,258.66
2019-04-23,207.48,16.66,1264.55,278.49,36.19,15.25,122.02,56.69,30.07,263.9
2019-04-22,204.53,16.72,1248.84,272.21,35.8,15.26,121.9,56.34,30.05,262.75
2019-04-18,203.86,17.41,1236.37,270.57,35.38,16.05,119.86,56.4,30.03,273.26
2019-04-17,203.13,17.28,1236.34,269.45,35.42,16.59,120.27,56.31,30.03,271.23
2019-04-16,199.25,17.29,1227.13,271.43,35.06,16.59,121.17,56.95,29.88,273.36
2019-04-15,199.23,16.88,1221.1,272.22,35.4,16.5,120.14,56.56,29.84,266.38
2019-04-12,198.87,17.99,1217.87,271.86,36.11,16.43,119.76,56.29,30.17,267.7
2019-04-11,198.95,17.71,1204.62,271.9,35.61,16.12,125.99,55.6,29.07,268.42
2019-04-10,200.62,19.41,1202.16,271.58,34.78,16.15,125.49,55.82,29.07,276.06
2019-04-09,199.5,18.47,1197.25,268.99,34.32,16.15,125.54,55.18,28.89,272.31
2019-04-08,200.1,18.62,1203.84,268.81,34.46,16.31,126.68,55.49,29.17,273.2
2019-04-05,197.0,18.35,1207.15,267.45,34.98,14.98,126.42,55.21,29.08,274.96
2019-04-04,195.69,17.59,1215.0,267.89,35.28,15.01,124.8,55.14,29.15,267.78
2019-04-03,195.35,16.91,1205.92,271.5,35.05,14.61,123.89,55.63,28.84,291.81
2019-04-02,194.02,16.92,1200.49,271.35,35.25,14.78,124.93,55.29,28.87,285.88
2019-04-01,191.24,16.91,1194.43,272.17,35.76,14.99,124.94,54.98,28.54,289.18
2019-03-29,189.95,16.99,1173.31,266.49,34.86,14.85,123.18,53.99,27.59,279.86
2019-03-28,188.72,17.33,1168.49,263.53,34.25,14.77,123.02,53.36,27.33,278.62
2019-03-27,188.47,17.17,1173.02,262.34,34.06,14.84,122.79,53.14,27.03,274.83
2019-03-26,186.79,16.92,1184.62,265.59,34.0,14.94,124.13,53.23,27.21,267.77
2019-03-25,188.74,13.87,1193.0,262.27,33.32,15.3,122.89,52.73,26.84,260.42
2019-03-22,191.05,13.7,1205.5,259.69,33.23,15.06,123.09,52.74,27.01,264.53
2019-03-21,195.09,13.91,1231.54,264.18,35.47,15.42,125.86,53.94,28.18,274.02
2019-03-20,188.16,13.6,1223.97,259.74,34.49,14.96,124.69,53.26,28.64,273.6
2019-03-19,186.53,13.97,1198.85,260.42,34.81,14.75,125.28,53.31,29.65,267.47
2019-03-18,188.02,14.0,1184.26,257.76,35.17,15.0,125.88,53.51,29.82,269.49
2019-03-15,186.12,14.28,1184.46,257.09,34.82,14.5,125.31,53.2,29.3,275.43
2019-03-14,183.73,14.97,1185.55,267.69,34.72,14.48,124.6,52.74,29.46,289.96
2019-03-13,181.71,15.59,1193.32,264.38,34.92,14.43,124.67,52.59,29.29,288.96
2019-03-12,180.91,15.58,1193.2,263.51,34.56,14.42,123.9,52.15,28.94,283.36
2019-03-11,178.9,15.23,1175.76,260.96,34.3,14.65,123.62,51.92,28.94,290.92
2019-03-08,172.91,14.96,1142.32,254.74,34.28,14.72,121.62,51.07,28.65,284.14
2019-03-07,172.5,15.44,1143.3,255.46,34.55,14.8,121.94,51.29,28.55,276.59
2019-03-06,174.52,15.54,1157.86,256.4,34.96,15.13,123.53,51.67,28.84,276.24
2019-03-05,175.53,15.67,1162.03,257.38,35.56,15.62,123.29,51.3,29.08,276.54
2019-03-04,175.85,15.8,1147.8,258.16,36.48,15.5,122.12,51.16,29.03,285.36
2019-03-01,174.97,16.69,1140.99,264.01,36.28,16.0,122.03,51.41,29.31,294.79
2019-02-28,173.15,16.73,1119.92,262.5,35.82,14.03,119.58,51.77,29.08,319.88
2019-02-27,174.87,16.52,1116.05,262.9,35.94,13.87,120.08,51.59,29.53,314.74
2019-02-26,174.33,16.58,1115.13,261.22,35.44,13.56,119.94,51.18,29.29,297.86
2019-02-25,174.23,16.84,1109.4,258.62,35.29,13.64,119.62,50.79,29.27,298.77
2019-02-22,172.97,16.83,1110.37,258.9,35.33,13.87,119.39,50.11,29.08,294.71
2019-02-21,171.06,16.58,1096.97,257.76,34.45,13.7,119.14,49.41,29.29,291.23
2019-02-20,172.03,16.89,1113.8,258.1,29.41,13.67,120.28,49.63,29.41,302.56
2019-02-19,170.93,16.77,1118.56,257.81,29.58,13.2,119.31,49.65,29.13,305.64
2019-02-15,170.42,16.92,1113.65,259.45,28.69,13.79,119.35,49.43,29.11,307.88
2019-02-14,170.8,16.66,1121.67,260.14,28.02,13.65,118.16,48.4,28.39,303.77
2019-02-13,170.18,16.26,1120.16,260.23,27.52,13.51,119.57,47.5,28.7,308.17
2019-02-12,170.89,15.82,1121.37,261.37,27.61,13.26,118.72,47.89,28.69,311.81
2019-02-11,169.43,15.35,1095.01,258.39,27.58,13.17,116.95,47.58,28.41,312.84
2019-02-08,170.41,15.42,1095.06,257.0,25.68,13.72,117.58,47.19,28.29,305.8
2019-02-07,170.94,15.34,1098.71,253.74,26.12,13.32,118.23,46.7,28.24,307.51
2019-02-06,174.24,15.54,1115.23,254.35,26.54,13.79,118.88,47.48,28.73,317.22
2019-02-05,174.18,15.51,1145.99,254.82,26.68,14.07,119.48,47.26,28.78,321.35
2019-02-04,171.25,15.18,1132.8,254.74,26.39,14.35,119.74,47.35,28.88,312.89
2019-02-01,166.52,14.85,1110.75,247.38,26.61,14.19,118.37,47.34,28.38,312.21
2019-01-31,166.44,15.09,1116.37,247.82,26.64,14.65,114.65,47.29,28.47,307.02
2019-01-30,165.25,14.66,1089.06,242.67,26.75,14.12,113.01,46.71,29.07,308.77
2019-01-29,154.68,14.7,1060.62,238.27,26.03,14.19,111.83,45.96,29.39,297.46
2019-01-28,156.3,14.76,1070.08,241.85,26.18,14.01,112.17,45.75,29.63,296.38
2019-01-25,157.76,14.8,1090.99,244.95,26.23,14.01,113.22,46.13,29.58,297.04
2019-01-24,152.7,14.69,1073.9,242.56,25.12,14.25,113.51,45.61,29.08,291.51
2019-01-23,153.92,14.46,1075.57,245.14,24.33,13.79,111.39,45.46,28.92,287.59
2019-01-22,153.3,14.73,1070.52,243.85,25.35,13.51,112.34,44.78,29.09,298.92
2019-01-18,156.82,14.73,1098.26,247.51,27.0,14.46,114.37,45.03,29.3,302.26
2019-01-17,155.86,14.59,1089.9,244.4,26.32,14.11,111.96,44.21,28.99,347.31
2019-01-16,154.94,14.88,1080.97,241.95,25.81,14.1,111.4,43.96,28.45,346.05
2019-01-15,153.07,15.01,1077.15,242.36,25.71,14.31,112.12,44.02,26.55,344.43
2019-01-14,150.0,15.34,1044.69,234.56,26.04,14.13,111.72,43.21,26.37,334.4
2019-01-11,152.29,15.23,1057.19,237.55,26.01,14.03,112.54,43.49,26.03,347.26
2019-01-10,153.8,14.29,1070.33,237.77,25.57,13.73,113.45,43.24,25.73,344.97
2019-01-09,153.31,12.26,1074.66,235.43,25.06,13.95,113.27,43.32,25.76,338.53
2019-01-08,150.75,11.78,1076.28,232.68,24.11,14.57,111.77,43.56,25.51,335.35
2019-01-07,147.93,12.08,1068.39,229.26,23.93,14.12,112.26,43.21,25.56,334.96
2019-01-04,148.26,11.95,1070.71,226.19,23.13,13.54,110.82,42.92,25.58,317.69
2019-01-03,142.19,11.49,1016.06,215.7,21.78,13.06,108.57,41.07,24.56,300.36
2019-01-02,157.92,11.98,1045.85,224.57,22.71,12.89,110.69,42.95,24.96,310.12
2018-12-31,157.74,11.32,1035.61,226.24,22.48,12.28,108.79,43.33,24.64,332.8
2018-12-28,156.23,11.44,1037.08,223.13,23.55,12.42,108.65,42.77,24.39,333.87
2018-12-27,156.15,11.41,1043.88,225.14,23.98,12.2,109.32,42.91,24.37,316.13
2018-12-26,157.17,11.57,1039.46,222.95,24.05,12.68,107.39,42.47,24.11,326.09
2018-12-24,146.83,10.62,976.22,205.16,22.38,12.26,100.99,40.28,22.73,295.39
2018-12-21,150.73,10.81,979.54,208.8,22.92,12.34,104.21,41.85,23.37,319.77
2018-12-20,156.83,11.41,1009.41,218.65,24.25,12.98,104.98,42.49,24.11,315.38
2018-12-19,160.89,11.91,1023.01,224.65,24.69,13.37,107.83,43.14,24.18,332.97
2018-12-18,166.07,11.81,1028.71,226.18,25.32,13.96,109.74,44.06,24.47,337.03
2018-12-17,163.94,11.61,1016.53,221.38,25.21,14.07,112.45,44.2,24.47,348.42
2018-12-14,165.48,11.73,1042.1,230.0,25.0,14.51,113.83,45.82,24.48,365.71
2018-12-13,170.95,11.57,1061.9,248.08,25.49,14.86,115.94,47.47,24.4,376.79
2018-12-12,169.1,12.34,1063.68,245.55,25.69,15.27,115.62,47.42,24.52,366.6
2018-12-11,168.63,12.32,1051.75,245.34,26.06,15.12,115.47,47.09,24.58,366.76
2018-12-10,169.6,12.27,1039.55,244.09,26.81,14.3,114.94,46.86,24.76,365.15
2018-12-07,168.49,12.45,1036.58,238.0,26.23,14.27,115.49,46.44,25.43,357.97
2018-12-06,174.72,12.38,1068.73,250.63,28.18,14.63,115.91,48.39,26.28,363.06
2018-12-04,176.69,12.28,1050.82,245.82,27.86,14.26,117.24,47.35,26.99,359.7
2018-12-03,184.82,13.2,1106.43,255.26,29.62,14.22,120.67,48.74,28.54,358.49
2018-11-30,178.58,12.88,1094.43,250.89,29.29,13.65,118.94,47.87,28.4,350.48
2018-11-29,179.55,12.78,1088.3,249.09,29.08,13.96,118.85,47.34,28.04,341.17
2018-11-28,180.94,12.43,1086.23,249.21,30.95,13.84,118.14,47.29,28.43,347.87
2018-11-27,174.24,12.38,1044.41,232.25,29.59,13.45,115.21,46.12,27.74,343.92
2018-11-26,174.62,12.95,1048.62,231.96,29.67,14.16,114.98,45.57,27.56,346.0
2018-11-23,172.29,12.75,1023.88,225.56,28.07,13.88,113.6,44.54,26.97,325.83
2018-11-21,176.78,12.82,1037.61,225.98,28.04,13.94,117.57,44.89,27.27,338.19
2018-11-20,176.98,12.38,1025.76,219.73,27.03,13.29,116.1,44.49,27.38,347.49
2018-11-19,185.86,12.5,1020.0,219.69,28.47,13.49,119.42,45.75,27.75,353.47
2018-11-16,193.53,12.69,1061.49,238.89,29.98,14.05,119.06,46.35,27.75,354.31
2018-11-15,191.41,13.33,1064.71,239.95,31.04,14.74,116.95,46.77,27.9,348.44
2018-11-14,186.8,13.63,1043.66,235.22,31.13,15.68,115.72,44.33,27.21,344.0
2018-11-13,192.23,14.11,1036.05,238.74,31.21,15.54,115.35,45.12,27.76,338.73
2018-11-12,194.17,13.84,1038.63,236.67,31.4,15.19,117.39,45.62,27.75,331.28
2018-11-09,204.47,14.02,1066.15,244.84,32.23,15.66,119.51,47.11,28.52,350.51
2018-11-08,208.49,14.33,1082.4,249.96,32.27,18.13,119.36,48.44,28.87,351.4
2018-11-07,209.95,14.17,1093.39,253.43,32.65,18.38,120.87,47.9,28.54,348.16
2018-11-06,203.77,14.45,1055.81,240.56,29.53,18.42,118.9,46.5,28.21,341.06
2018-11-05,201.59,14.26,1040.09,239.89,31.05,19.18,118.94,46.14,28.06,341.4
2018-11-02,207.48,14.71,1057.79,239.64,30.17,19.0,114.73,45.48,27.89,346.41
2018-11-01,222.22,14.2,1070.0,245.28,30.0,19.24,111.17,45.65,27.81,344.28
2018-10-31,218.86,13.74,1076.77,245.76,28.12,19.26,111.65,45.75,27.5,337.32
2018-10-30,213.3,14.38,1036.21,238.41,28.77,19.24,110.85,44.58,26.78,329.9
2018-10-29,212.24,13.67,1020.08,239.75,27.71,18.72,108.93,43.84,26.61,334.85
2018-10-26,216.3,13.24,1071.47,245.8,27.9,17.83,111.53,44.25,26.39,330.9
2018-10-25,219.8,13.44,1095.57,252.92,28.85,18.71,111.58,45.47,26.59,314.86
2018-10-24,215.09,13.14,1050.71,238.44,27.52,17.83,110.21,44.07,26.19,288.5
2018-10-23,222.73,13.53,1103.69,251.76,30.92,19.7,113.4,45.42,27.02,294.14
2018-10-22,220.65,13.28,1101.16,251.06,31.21,19.8,117.21,45.76,27.38,260.95
2018-10-19,219.31,13.15,1096.46,245.03,31.44,19.81,118.14,45.34,28.32,260.0
2018-10-18,216.02,13.4,1087.97,250.35,30.96,19.64,117.47,45.46,28.25,263.91
2018-10-17,221.19,13.73,1115.69,258.91,33.06,19.81,117.29,45.94,28.9,271.78
2018-10-16,222.15,14.15,1121.28,260.67,33.32,20.15,117.51,45.82,28.53,276.59
2018-10-15,217.36,13.94,1092.25,238.01,32.45,19.27,116.94,44.67,27.92,259.59
2018-10-12,222.11,13.53,1110.08,248.87,31.37,18.86,117.77,45.71,28.46,258.78
2018-10-11,214.45,13.95,1079.32,238.59,30.7,18.41,118.43,44.12,28.36,252.23
2018-10-10,216.36,13.97,1081.22,237.91,30.56,18.75,122.6,45.63,29.24,256.88
2018-10-09,226.87,13.92,1138.82,254.16,31.9,19.61,126.82,47.49,29.98,262.8
2018-10-08,223.77,14.07,1148.97,254.69,33.92,19.6,124.84,47.52,30.27,250.56
2018-10-05,224.29,13.9,1157.35,263.22,33.08,19.7,125.33,48.13,30.23,261.95
2018-10-04,227.99,14.22,1168.19,263.71,32.9,19.97,124.95,48.38,30.43,281.83
2018-10-03,232.07,13.96,1202.95,270.51,33.33,20.09,125.31,49.14,30.0,294.8
2018-10-02,229.28,14.03,1200.11,272.0,32.8,19.76,124.74,49.01,29.58,301.02
2018-10-01,227.26,14.75,1195.31,275.49,32.8,19.86,124.39,48.87,29.65,310.7
2018-09-28,225.74,15.0,1193.47,269.95,32.14,20.5,122.28,48.65,29.46,264.77
2018-09-27,224.95,14.86,1194.64,269.91,32.39,20.45,122.47,48.33,29.94,307.52
2018-09-26,220.42,18.81,1180.49,268.47,32.33,20.15,121.95,48.41,30.13,309.58
2018-09-25,222.19,18.9,1184.65,267.84,32.02,19.9,123.37,48.47,30.67,300.99
2018-09-24,220.79,19.06,1173.37,264.09,32.25,20.4,122.62,48.44,30.74,299.68
2018-09-21,217.66,19.13,1166.09,260.88,33.92,21.35,121.13,48.56,31.03,299.1
2018-09-20,220.03,19.13,1186.87,266.34,34.34,20.75,119.42,47.73,31.19,298.33
2018-09-19,218.37,18.98,1171.09,264.88,34.04,20.65,119.51,47.28,31.0,299.02
2018-09-18,218.24,18.56,1161.22,270.79,33.52,20.0,118.13,47.46,30.21,284.96
2018-09-17,217.88,19.15,1156.05,268.25,33.47,19.95,117.51,47.11,30.28,294.84
2018-09-14,223.84,18.07,1172.53,274.69,34.04,19.8,117.38,47.4,30.37,295.2
2018-09-13,226.41,17.53,1175.33,268.52,33.8,20.1,116.3,47.24,30.14,289.46
2018-09-12,221.07,18.82,1162.82,267.79,34.26,20.05,115.79,46.89,30.43,290.54
2018-09-11,223.85,18.52,1177.36,267.0,32.6,19.8,115.02,47.03,30.85,279.44
2018-09-10,218.33,18.63,1164.64,265.37,32.43,19.9,114.48,47.07,30.82,285.5
2018-09-07,221.3,18.15,1164.83,260.87,31.81,19.9,114.6,47.05,30.86,263.24
2018-09-06,223.1,18.15,1171.44,259.75,31.33,19.75,115.23,47.28,30.85,280.95
2018-09-05,226.87,18.31,1186.48,256.14,31.58,19.3,118.92,47.27,31.18,280.74
2018-09-04,228.36,18.11,1197.0,266.68,30.62,19.25,118.87,47.73,31.14,288.95
2018-08-31,227.63,17.94,1218.19,263.51,31.11,19.05,118.46,47.77,30.93,301.66
2018-08-30,225.03,17.66,1239.12,266.43,32.18,18.8,119.81,47.15,31.01,303.15
2018-08-29,222.98,17.94,1249.3,268.36,34.04,18.95,120.22,47.48,31.14,305.01
2018-08-28,219.7,18.35,1231.15,263.04,33.96,19.15,119.86,46.95,31.27,311.86
2018-08-27,217.94,18.27,1241.82,262.4,33.21,18.7,120.35,46.59,31.31,319.27
2018-08-24,216.16,18.96,1220.65,261.51,33.15,19.15,119.01,46.32,30.89,322.82
2018-08-23,215.49,18.68,1205.38,257.0,33.73,19.2,118.1,46.02,30.84,320.1
2018-08-22,215.05,18.61,1207.33,255.54,34.42,19.0,118.92,45.99,30.98,321.64
2018-08-21,215.04,18.39,1201.62,251.5,35.16,18.85,117.94,45.78,31.02,321.9
2018-08-20,215.46,18.19,1207.77,249.76,34.76,18.55,117.75,46.22,30.87,308.44
2018-08-17,217.58,18.39,1200.96,245.7,34.95,18.35,117.8,45.87,30.74,305.5
2018-08-16,213.32,18.28,1206.49,248.89,34.49,18.1,117.66,45.16,30.72,335.45
2018-08-15,210.24,18.48,1214.38,250.52,34.15,17.7,117.94,43.86,30.36,338.69
2018-08-14,209.75,18.41,1242.1,256.05,34.82,17.5,122.58,44.0,30.79,347.64
2018-08-13,208.87,18.12,1235.01,253.54,34.08,17.45,122.44,43.75,30.48,356.41
2018-08-10,207.53,18.14,1237.61,253.7,33.71,17.45,123.34,43.78,31.19,355.49
2018-08-09,208.88,18.44,1249.1,253.8,34.43,16.9,122.53,43.78,31.6,352.45
2018-08-08,207.25,18.53,1245.61,253.83,32.85,17.5,123.88,43.84,31.8,370.34
2018-08-07,207.11,18.58,1242.22,253.39,38.74,17.2,125.18,43.58,31.51,379.57
2018-08-06,209.07,18.55,1224.77,254.11,35.78,17.3,124.3,43.3,31.52,341.99
2018-08-03,207.99,18.53,1223.71,253.28,35.52,17.15,124.05,42.83,31.51,348.17
2018-08-02,207.39,18.2,1226.15,252.22,34.37,16.55,123.76,42.53,31.28,349.54
2018-08-01,201.5,18.35,1220.01,248.01,33.94,16.05,125.39,41.86,31.25,300.84
2018-07-31,190.29,18.73,1217.26,244.68,34.85,16.3,126.27,42.29,30.88,298.14
2018-07-30,189.91,19.4,1219.74,242.32,34.02,15.35,127.83,42.17,31.31,290.17
2018-07-27,190.98,18.82,1238.5,254.81,33.24,15.7,125.97,42.57,31.06,297.18
2018-07-26,194.21,18.99,1268.33,261.93,33.46,15.7,123.95,43.53,30.94,306.65
2018-07-25,194.82,18.86,1263.7,263.17,33.44,15.25,124.9,43.16,31.07,308.74
2018-07-24,193.0,19.04,1248.08,257.49,32.95,15.5,123.85,42.39,30.83,297.43
2018-07-23,191.61,19.17,1205.5,259.47,32.86,15.55,121.33,42.06,30.75,303.2
2018-07-20,191.44,18.78,1184.91,257.54,32.75,15.95,122.27,42.01,30.13,313.58
2018-07-19,191.88,19.23,1186.96,257.68,32.71,16.45,121.67,42.4,29.67,320.23
2018-07-18,190.4,18.72,1195.88,259.78,32.31,16.35,121.53,42.21,30.13,323.85
2018-07-17,191.45,19.13,1198.8,258.31,31.98,16.85,121.91,42.34,30.01,322.69
2018-07-16,190.91,19.29,1183.86,254.68,31.79,16.7,122.98,42.5,29.78,310.1
2018-07-13,191.33,19.87,1188.82,258.59,31.9,17.05,124.04,41.78,28.55,318.87
2018-07-12,191.03,19.86,1183.48,254.87,31.75,17.0,124.26,43.58,28.77,316.71
2018-07-11,187.88,20.26,1153.9,248.12,31.88,17.4,123.52,42.57,28.68,318.96
2018-07-10,190.35,20.7,1152.84,248.63,33.01,17.35,127.59,42.86,28.83,322.47
2018-07-09,190.58,21.23,1154.05,249.77,34.67,17.15,125.99,42.67,29.05,318.51
2018-07-06,187.97,21.07,1140.17,248.19,33.41,17.3,124.14,42.71,28.03,308.9
2018-07-05,185.4,20.81,1124.27,244.18,33.35,16.8,123.98,42.56,27.92,309.16
2018-07-03,183.92,20.03,1102.89,242.01,32.52,15.85,124.73,42.67,27.78,310.86
2018-07-02,187.18,19.33,1127.46,243.26,32.51,15.75,124.25,42.81,28.28,335.07
2018-06-29,185.11,19.925,1115.65,243.81,32.5,15.9,126.43,43.03,28.19,342.95
2018-06-28,185.5,19.41,1114.22,239.81,32.18,16.15,125.66,42.94,28.67,349.93
2018-06-27,184.16,20.18,1103.98,237.68,33.41,15.6,126.0,42.33,28.24,344.5
2018-06-26,184.43,20.04,1118.46,242.25,34.93,15.85,124.16,42.55,28.54,342.0
2018-06-25,182.17,19.69,1124.81,239.68,38.66,16.5,122.61,42.29,28.48,333.01
2018-06-22,184.92,20.07,1155.48,243.63,41.81,16.6,125.1,43.2,28.99,333.63
2018-06-21,185.46,20.12,1157.66,248.83,41.25,17.2,122.59,43.16,29.29,347.51
2018-06-20,186.5,20.41,1169.84,251.24,41.85,16.6,125.29,43.74,29.24,362.22
2018-06-19,185.69,20.21,1168.06,251.74,41.43,16.25,125.54,43.82,29.26,352.55
2018-06-18,188.74,20.16,1173.46,255.69,41.44,16.0,125.97,44.21,29.4,370.83
2018-06-15,188.84,20.19,1152.26,251.82,41.27,15.6,124.04,44.25,29.28,358.17
2018-06-14,190.8,19.82,1152.12,258.1,41.93,15.75,126.51,44.69,29.5,357.72
2018-06-13,190.7,20.05,1134.79,256.13,42.15,15.45,127.07,44.01,29.84,344.78
2018-06-12,192.28,20.39,1139.32,252.59,42.8,15.65,127.08,43.94,29.9,342.77
2018-06-11,191.23,20.35,1129.99,251.0,40.94,14.95,127.56,43.69,30.06,332.1
2018-06-08,191.7,19.56,1120.87,251.21,39.31,14.45,126.44,43.48,30.01,317.66
2018-06-07,193.46,19.11,1123.86,247.51,38.85,14.65,126.96,43.65,30.09,316.09
2018-06-06,193.98,18.89,1136.88,253.95,38.2,14.7,123.38,44.26,30.04,319.5
2018-06-05,193.31,18.83,1139.66,252.7,37.83,14.75,122.73,43.67,29.12,291.13
2018-06-04,191.83,18.35,1139.29,253.34,38.22,14.55,122.26,43.58,29.4,296.74
2018-06-01,190.24,17.83,1119.5,251.31,38.43,14.8,123.85,43.66,29.4,291.82
2018-05-31,186.87,18.16,1084.99,249.28,38.99,14.8,124.3,42.71,29.04,284.73
2018-05-30,187.5,18.16,1067.8,247.4,39.68,14.85,125.16,42.85,29.49,291.72
2018-05-29,187.9,17.96,1060.32,242.19,40.35,14.45,121.39,42.97,28.96,283.76
2018-05-25,188.58,18.0,1075.66,243.56,42.11,15.05,122.19,43.26,30.16,278.85
2018-05-24,188.15,17.96,1079.24,245.15,43.02,15.25,126.61,43.57,30.21,277.85
2018-05-23,188.36,17.84,1079.69,243.91,42.86,15.2,128.7,43.68,30.44,279.07
2018-05-22,187.16,17.71,1069.73,238.79,42.74,15.6,128.23,43.65,30.89,275.01
2018-05-21,187.63,18.01,1079.58,238.1,43.03,16.05,129.37,43.75,30.55,284.49
2018-05-18,186.31,18.05,1066.36,238.09,42.0,16.1,127.86,43.21,30.26,276.82
2018-05-17,186.99,17.85,1078.59,236.85,44.75,16.6,129.46,43.46,30.81,284.54
2018-05-16,188.18,17.6,1081.77,237.39,43.82,16.6,129.56,45.16,31.06,286.48
2018-05-15,186.44,17.49,1079.23,236.6,43.04,16.55,129.74,45.48,31.22,284.18
2018-05-14,188.15,17.07,1100.2,238.37,43.4,16.4,130.39,45.7,31.12,291.97
2018-05-11,188.59,16.81,1098.26,241.88,43.4,16.3,129.84,45.93,30.92,301.06
2018-05-10,190.04,16.91,1097.57,241.15,43.06,16.45,128.82,46.3,30.89,305.02
2018-05-09,187.36,16.72,1082.76,239.74,41.87,16.05,128.72,46.04,30.72,306.85
2018-05-08,186.05,16.84,1053.91,234.56,43.44,16.8,126.57,45.71,29.93,301.97
2018-05-07,185.16,16.98,1054.79,230.99,44.47,17.2,124.94,45.73,29.64,302.77
2018-05-04,183.83,17.09,1048.21,228.51,44.76,16.3,125.53,45.3,29.3,294.09
2018-05-03,176.89,16.82,1023.72,226.05,43.32,16.55,126.01,44.44,29.2,284.45
2018-05-02,176.57,17.5,1024.38,221.1,48.98,16.5,125.49,43.86,29.58,301.15
2018-05-01,169.1,17.37,1037.31,224.08,47.94,16.4,124.86,44.83,29.95,299.92
2018-04-30,165.26,17.46,1017.33,221.6,49.41,17.45,125.11,44.29,29.92,293.9
2018-04-27,162.32,18.22,1030.05,221.9,48.99,17.2,126.62,44.71,30.15,294.08
2018-04-26,164.22,17.69,1040.04,221.91,48.56,17.2,124.22,44.21,30.07,285.48
2018-04-25,163.65,17.73,1021.18,217.32,48.06,17.25,122.72,43.71,30.14,280.69
2018-04-24,162.94,17.51,1019.98,217.89,47.6,17.2,122.54,43.74,30.19,283.46
2018-04-23,165.24,17.36,1067.45,225.3,47.55,17.15,123.58,44.25,30.32,283.37
2018-04-20,165.72,17.14,1072.96,225.24,47.12,17.0,122.31,44.09,30.26,290.24
2018-04-19,172.8,17.7,1087.7,227.62,48.58,17.25,123.71,44.56,30.18,300.08
2018-04-18,177.84,18.12,1072.08,231.1,48.21,17.55,123.82,44.63,29.53,293.35
2018-04-17,178.24,17.48,1074.16,231.16,47.58,17.4,121.46,44.59,30.04,287.69
2018-04-16,175.82,17.49,1037.98,226.52,49.6,17.15,120.7,43.3,29.93,291.21
2018-04-13,174.73,17.28,1029.27,224.06,48.74,16.95,119.92,43.0,29.8,300.34
2018-04-12,174.14,17.21,1032.51,226.96,49.57,16.5,119.23,43.34,30.65,294.08
2018-04-11,172.44,21.5,1019.97,223.63,48.31,16.7,119.25,42.43,29.9,300.93
2018-04-10,173.25,21.23,1031.64,224.53,49.78,16.8,118.85,42.51,30.48,304.7
2018-04-09,170.05,20.82,1015.45,219.17,48.07,16.45,115.98,41.17,29.87,289.66
2018-04-06,168.38,21.0,1007.04,218.61,48.25,16.45,114.76,40.73,29.63,299.3
2018-04-05,172.8,21.54,1027.81,223.54,49.5,16.35,117.29,41.82,30.32,305.72
2018-04-04,171.61,21.5,1025.14,225.05,48.99,15.4,114.48,41.2,29.88,286.94
2018-04-03,168.39,20.6,1013.41,215.93,48.24,15.25,114.83,41.38,29.59,267.53
2018-04-02,166.68,20.24,1006.47,212.28,46.29,14.15,112.24,41.01,29.31,252.48
2018-03-29,167.78,20.99,1031.79,216.08,46.84,14.05,114.04,42.89,29.99,266.13
2018-03-28,166.48,20.61,1004.56,212.54,47.31,13.5,112.1,41.66,29.39,257.78
2018-03-27,168.34,20.25,1005.1,213.8,46.94,13.6,114.66,42.68,29.52,279.18
2018-03-26,172.77,21.07,1053.21,228.91,47.37,13.95,115.35,44.06,30.44,304.18
2018-03-23,164.94,21.3,1021.57,215.02,46.0,13.9,112.98,42.42,29.17,301.54
2018-03-22,168.85,21.32,1049.08,220.52,48.06,13.8,113.7,43.07,30.55,309.1
2018-03-21,171.27,21.89,1090.88,226.85,49.4,14.15,117.04,44.31,31.87,316.53
2018-03-20,175.24,21.75,1097.71,229.75,50.35,14.05,114.5,44.37,31.98,310.55
2018-03-19,175.3,22.26,1099.82,222.18,49.27,14.15,113.89,44.27,31.98,313.56
2018-03-16,178.02,22.25,1135.73,225.55,48.93,14.2,115.4,45.01,32.17,321.35
2018-03-15,178.65,21.87,1149.58,218.87,48.72,14.75,115.58,45.33,32.1,325.6
2018-03-14,178.44,22.33,1149.49,218.44,48.49,15.05,115.13,45.28,32.14,326.63
2018-03-13,179.97,22.5,1138.17,219.76,48.37,14.75,116.46,45.16,32.36,341.84
2018-03-12,181.72,22.67,1164.5,220.94,48.29,15.65,116.79,45.55,32.84,345.51
2018-03-09,179.98,22.46,1160.04,221.11,47.67,15.7,117.22,45.37,32.72,327.17
2018-03-08,176.94,21.75,1126.0,216.4,46.1,15.55,113.35,44.34,32.2,329.1
2018-03-07,175.03,21.89,1109.64,216.86,46.22,15.7,113.84,44.2,32.18,332.3
2018-03-06,176.67,22.41,1095.06,212.01,46.82,15.95,113.65,44.29,32.11,328.2
2018-03-05,176.82,21.94,1090.93,211.16,45.79,15.75,113.15,44.52,32.13,333.35
2018-03-02,176.21,21.83,1078.92,209.79,45.54,15.75,111.64,44.06,31.63,335.12
2018-03-01,175.0,21.07,1069.52,206.03,44.32,14.75,112.04,43.8,31.48,330.93
2018-02-28,178.12,21.44,1104.73,209.13,45.18,15.0,111.92,44.78,32.1,343.06
2018-02-27,178.39,21.36,1118.29,208.82,45.24,15.75,113.61,45.04,32.33,350.99
2018-02-26,178.97,21.71,1143.75,212.15,46.31,15.45,114.6,45.36,32.42,357.42
2018-02-23,175.5,21.97,1126.79,209.74,45.83,14.85,112.59,44.0,32.03,352.05
2018-02-22,172.5,21.63,1106.63,202.61,44.2,14.3,109.89,42.94,31.69,346.17
2018-02-21,171.07,22.19,1111.34,202.09,38.96,14.4,109.06,43.31,31.87,333.3
2018-02-20,171.85,22.06,1102.46,202.98,39.94,14.5,110.98,44.06,31.93,334.77
2018-02-16,172.43,22.9,1094.8,201.56,40.02,14.4,112.14,44.33,31.97,335.49
2018-02-15,172.99,22.95,1089.52,202.97,38.8,14.65,112.53,44.08,32.21,334.07
2018-02-14,167.37,22.79,1069.7,197.13,38.73,14.25,113.63,42.09,32.0,322.31
2018-02-13,164.34,21.68,1052.1,193.48,40.12,13.85,113.29,41.23,31.18,323.66
2018-02-12,162.71,21.68,1051.94,192.15,40.77,13.9,113.98,40.6,31.12,315.73
2018-02-09,156.41,21.76,1037.78,187.99,40.98,13.45,113.5,39.53,30.33,310.42
2018-02-08,155.15,21.82,1001.52,185.16,40.38,13.75,112.3,38.77,29.74,315.23
2018-02-07,159.54,22.18,1048.58,192.34,44.26,14.2,115.29,40.34,31.25,345.0
2018-02-06,163.03,21.14,1080.6,194.47,43.83,13.75,117.18,40.17,31.2,333.97
2018-02-05,156.49,20.52,1055.8,190.27,41.94,13.35,112.62,38.78,30.26,333.13
2018-02-02,160.5,21.68,1111.9,195.64,43.62,13.95,118.58,40.93,31.95,343.75
2018-02-01,167.78,22.71,1167.7,199.38,44.75,13.5,125.57,41.7,32.5,349.25
2018-01-31,167.43,23.08,1169.94,199.76,44.96,12.8,125.35,41.54,32.0,354.31
2018-01-30,166.97,22.99,1163.69,196.9,45.8,12.6,125.23,42.25,31.88,345.82
2018-01-29,167.96,22.71,1175.58,198.23,46.41,12.85,128.48,42.85,32.28,349.53
2018-01-26,171.51,22.53,1175.84,201.3,46.45,12.85,131.19,42.56,32.2,342.85
2018-01-25,171.11,23.03,1170.37,197.51,45.06,13.15,130.65,41.9,32.09,337.64
2018-01-24,174.22,23.48,1164.24,197.78,44.92,13.2,131.39,42.17,32.09,345.89
2018-01-23,177.04,23.96,1169.97,200.09,45.75,13.4,131.02,42.1,31.92,352.79
2018-01-22,177.0,23.84,1155.81,197.84,45.68,13.25,132.56,41.66,31.94,351.56
2018-01-19,178.46,23.72,1137.51,195.73,45.78,13.2,131.3,41.29,31.72,350.02
2018-01-18,179.26,23.21,1129.79,196.2,43.35,13.4,131.59,41.3,31.48,344.57
2018-01-17,179.1,23.4,1131.98,196.49,42.9,13.75,132.36,41.2,31.18,347.16
2018-01-16,176.19,23.01,1121.76,192.46,42.51,13.65,132.01,40.54,31.24,340.06
2018-01-12,177.09,22.82,1122.26,195.05,49.15,14.45,133.6,40.87,31.19,336.22
2018-01-11,175.28,21.99,1105.52,188.92,48.0,14.1,132.57,40.1,30.66,337.95
2018-01-10,174.29,21.31,1102.61,187.11,44.88,13.95,128.66,39.91,30.55,334.8
2018-01-09,174.33,21.36,1106.26,186.7,44.4,13.9,127.84,39.69,30.27,333.69
2018-01-08,174.35,21.44,1106.94,185.04,44.89,13.8,128.53,39.94,30.12,336.41
2018-01-05,175.0,21.34,1102.23,185.34,44.47,14.1,127.9,39.53,30.33,316.58
